2017-08-23 07:05,Eve Weather 943D,1
2017-08-23 07:06,Eve Room 4A04,1
2017-08-23 07:09,PLAYBULB,1
2017-08-23 07:12,Instant Pot Smart,1
2017-08-23 07:14,Eve Energy 556E,1
2017-08-23 07:17,Eve Motion 31A7,1
2017-08-23 07:19,Eve Motion 31A7,1
2017-08-23 07:20,Eve Energy 556E,1
2017-08-23 07:21,Gunbox,1
2017-08-23 07:21,Instant Pot Smart,1
2017-08-23 07:22,Eve Motion 31A7,1
2017-08-23 07:22,Gunbox,1
2017-08-23 07:23,Eve Room 4A04,1
2017-08-23 07:24,Eve Motion 31A7,1
2017-08-23 07:25,Eve Weather 943D,1
2017-08-23 07:26,PLAYBULB,1
2017-08-23 07:32,00000b67,1
2017-08-23 07:33,BLELock,1
2017-08-23 07:34,Eve Door 91B3,1
2017-08-23 14:33,Eve Door 91B3,1
2017-08-23 16:20,Eve Door 91B3,1
2017-08-23 16:21,Eve Door 91B3,1
2017-08-23 16:22,Eve Door 91B3,1
2017-08-23 16:31,Eve Door 91B3,1
2017-08-23 16:43,Eve Door 91B3,1
2017-08-23 17:44,Eve Motion 31A7,1
2017-08-23 17:46,Eve Motion 31A7,1
2017-08-23 17:46,Eve Energy 556E,1
2017-08-23 17:50,Gunbox,1
2017-08-23 17:53,Eve Room 4A04,1
2017-08-23 17:54,Eve Weather 943D,1
2017-08-23 17:56,PLAYBULB,1
2017-08-23 17:57,Instant Pot Smart,1
2017-08-23 17:58,Eve Weather 943D,1
2017-08-23 18:00,Eve Room 4A04,1
2017-08-23 18:01,PLAYBULB,1
2017-08-23 18:05,Instant Pot Smart,1
2017-08-23 18:05,Eve Motion 31A7,1
2017-08-23 18:06,Gunbox,1
2017-08-23 18:06,Instant Pot Smart,1
2017-08-23 18:06,Eve Motion 31A7,1
2017-08-23 18:07,Eve Energy 556E,1
2017-08-23 07:04,NetCam,1
2017-08-23 07:08,Switch2,1
2017-08-23 07:10,Motion,1
2017-08-23 07:11,Switch4,1
2017-08-23 07:13,Switch3,1
2017-08-23 07:15,Mini,1
2017-08-23 07:16,Insight,1
2017-08-23 07:19,Switch1,1
2017-08-23 07:21,Switch4,1
2017-08-23 07:21,Switch2,1
2017-08-23 07:22,Mini,1
2017-08-23 07:22,Switch3,1
2017-08-23 07:24,Motion,1
2017-08-23 07:24,Switch1,1
2017-08-23 07:25,NetCam,1
2017-08-23 07:25,Insight,1
2017-08-23 13:35,Motion,1
2017-08-23 13:38,Motion,1
2017-08-23 13:52,NetCam,1
2017-08-23 16:26,NetCam,1
2017-08-23 16:27,NetCam,1
2017-08-23 16:28,NetCam,1
2017-08-23 17:43,Motion,1
2017-08-23 17:43,Insight,1
2017-08-23 17:45,Switch2,1
2017-08-23 17:47,Switch1,1
2017-08-23 17:48,Switch3,1
2017-08-23 17:49,Switch4,1
2017-08-23 17:51,Mini,1
2017-08-23 17:55,NetCam,1
2017-08-23 18:01,Switch4,1
2017-08-23 18:01,Switch2,1
2017-08-23 18:01,NetCam,1
2017-08-23 18:01,Switch1,1
2017-08-23 18:01,Switch3,1
2017-08-23 18:05,Insight,1
2017-08-23 18:07,Mini,1
