b4:75:0e:0d:33:d5,2017-08-26 09:43:42,2017-08-26 18:00:42
ec:4f:82:73:d1:1c,2017-08-26 09:43:37,2017-08-26 18:00:42
b4:75:0e:0d:94:65,2017-08-26 09:43:42,2017-08-26 18:00:42
14:91:82:c8:6a:09,2017-08-26 09:43:42,2017-08-26 18:00:42
b8:27:eb:09:1a:81,2017-08-26 09:43:40,2017-08-26 18:00:42
ec:1a:59:e4:fd:41,2017-08-26 09:43:42,2017-08-26 18:00:42
14:91:82:24:dd:35,2017-08-26 09:43:42,2017-08-26 18:00:42
08:66:98:ed:1e:19,2017-08-26 09:44:29,2017-08-26 18:00:42
ec:1a:59:f1:fb:21,2017-08-26 09:43:42,2017-08-26 18:00:42
94:10:3e:2b:7a:55,2017-08-26 09:43:42,2017-08-26 18:00:42
a0:18:28:33:34:f8,2017-08-26 09:43:39,2017-08-26 18:00:42
60:38:e0:ee:7c:e5,2017-08-26 09:43:37,2017-08-26 18:00:42
