2017-08-26 09:48,Eve Motion 31A7,1
2017-08-26 09:50,Eve Motion 31A7,1
2017-08-26 09:52,PLAYBULB,1
2017-08-26 09:54,Eve Weather 943D,1
2017-08-26 09:57,Eve Room 4A04,1
2017-08-26 09:58,Instant Pot Smart,1
2017-08-26 09:59,Eve Energy 556E,1
2017-08-26 10:02,Gunbox,1
2017-08-26 10:03,Instant Pot Smart,1
2017-08-26 10:04,Eve Room 4A04,1
2017-08-26 10:04,Eve Weather 943D,1
2017-08-26 10:05,Eve Energy 556E,1
2017-08-26 10:05,Eve Motion 31A7,1
2017-08-26 10:05,PLAYBULB,1
2017-08-26 10:07,Eve Motion 31A7,1
2017-08-26 10:24,Eve Door 91B3,1
2017-08-26 10:25,Eve Door 91B3,1
2017-08-26 17:36,BLELock,1
2017-08-26 17:36,00000b67,1
2017-08-26 17:37,Eve Door 91B3,1
2017-08-26 17:38,Eve Door 91B3,1
2017-08-26 17:39,Gunbox,1
2017-08-26 17:41,Eve Motion 31A7,1
2017-08-26 17:42,Eve Energy 556E,1
2017-08-26 17:43,Eve Motion 31A7,1
2017-08-26 17:47,Eve Weather 943D,1
2017-08-26 17:48,Instant Pot Smart,1
2017-08-26 17:49,Eve Room 4A04,1
2017-08-26 17:53,Eve Weather 943D,1
2017-08-26 17:53,PLAYBULB,1
2017-08-26 17:54,Eve Room 4A04,1
2017-08-26 17:54,Gunbox,1
2017-08-26 17:55,Eve Motion 31A7,1
2017-08-26 17:56,Eve Energy 556E,1
2017-08-26 17:56,Instant Pot Smart,1
2017-08-26 17:57,00000b67,1
2017-08-26 17:57,Eve Motion 31A7,1
2017-08-26 17:59,BLELock,1
2017-08-26 17:59,Eve Door 91B3,1
