2017-12-26 12:32:46,173,a0:18:28:33:34:f8,08:66:98:ed:1e:19
2017-12-26 12:32:46,173,a0:18:28:33:34:f8,08:66:98:ed:1e:19
2017-12-26 12:32:46,173,a0:18:28:33:34:f8,08:66:98:ed:1e:19
2017-12-26 12:32:46,173,a0:18:28:33:34:f8,08:66:98:ed:1e:19
2017-12-26 12:32:46,173,a0:18:28:33:34:f8,08:66:98:ed:1e:19
2017-12-26 12:32:46,173,a0:18:28:33:34:f8,08:66:98:ed:1e:19
2017-12-26 12:32:46,173,a0:18:28:33:34:f8,08:66:98:ed:1e:19
2017-12-26 12:32:46,173,a0:18:28:33:34:f8,08:66:98:ed:1e:19
2017-12-26 12:32:46,173,a0:18:28:33:34:f8,08:66:98:ed:1e:19
2017-12-26 12:32:46,173,a0:18:28:33:34:f8,08:66:98:ed:1e:19
2017-12-26 12:32:46,173,a0:18:28:33:34:f8,08:66:98:ed:1e:19
2017-12-26 12:32:47,173,a0:18:28:33:34:f8,08:66:98:ed:1e:19
2017-12-26 12:32:47,173,a0:18:28:33:34:f8,08:66:98:ed:1e:19
2017-12-26 12:32:47,173,a0:18:28:33:34:f8,08:66:98:ed:1e:19
2017-12-26 12:32:47,173,a0:18:28:33:34:f8,08:66:98:ed:1e:19
2017-12-26 12:32:47,173,a0:18:28:33:34:f8,08:66:98:ed:1e:19
2017-12-26 12:32:47,173,a0:18:28:33:34:f8,08:66:98:ed:1e:19
2017-12-26 12:32:47,173,a0:18:28:33:34:f8,08:66:98:ed:1e:19
2017-12-26 12:32:47,173,a0:18:28:33:34:f8,08:66:98:ed:1e:19
2017-12-26 12:32:47,173,a0:18:28:33:34:f8,08:66:98:ed:1e:19
2017-12-26 12:32:47,173,a0:18:28:33:34:f8,08:66:98:ed:1e:19
2017-12-26 12:32:47,173,a0:18:28:33:34:f8,08:66:98:ed:1e:19
2017-12-26 12:40:58,173,a0:18:28:33:34:f8,08:66:98:ed:1e:19
2017-12-26 12:40:58,173,a0:18:28:33:34:f8,08:66:98:ed:1e:19
2017-12-26 12:40:58,173,a0:18:28:33:34:f8,08:66:98:ed:1e:19
2017-12-26 12:40:58,173,a0:18:28:33:34:f8,08:66:98:ed:1e:19
2017-12-26 12:40:58,173,a0:18:28:33:34:f8,08:66:98:ed:1e:19
2017-12-26 12:40:58,173,a0:18:28:33:34:f8,08:66:98:ed:1e:19
2017-12-26 12:40:58,173,a0:18:28:33:34:f8,08:66:98:ed:1e:19
2017-12-26 12:40:58,173,a0:18:28:33:34:f8,08:66:98:ed:1e:19
2017-12-26 12:40:58,173,a0:18:28:33:34:f8,08:66:98:ed:1e:19
2017-12-26 12:40:58,173,a0:18:28:33:34:f8,08:66:98:ed:1e:19
2017-12-26 12:40:58,173,a0:18:28:33:34:f8,08:66:98:ed:1e:19
2017-12-26 12:40:58,173,a0:18:28:33:34:f8,08:66:98:ed:1e:19
2017-12-26 12:40:59,173,a0:18:28:33:34:f8,08:66:98:ed:1e:19
2017-12-26 12:40:59,173,a0:18:28:33:34:f8,08:66:98:ed:1e:19
2017-12-26 12:40:59,173,a0:18:28:33:34:f8,08:66:98:ed:1e:19
2017-12-26 12:40:59,173,a0:18:28:33:34:f8,08:66:98:ed:1e:19
2017-12-26 12:40:59,173,a0:18:28:33:34:f8,08:66:98:ed:1e:19
2017-12-26 12:40:59,173,a0:18:28:33:34:f8,08:66:98:ed:1e:19
2017-12-26 12:40:59,173,a0:18:28:33:34:f8,08:66:98:ed:1e:19
2017-12-26 12:40:59,173,a0:18:28:33:34:f8,08:66:98:ed:1e:19
2017-12-26 12:40:59,173,a0:18:28:33:34:f8,08:66:98:ed:1e:19
2017-12-26 12:40:59,173,a0:18:28:33:34:f8,08:66:98:ed:1e:19
2017-12-26 12:40:59,173,a0:18:28:33:34:f8,08:66:98:ed:1e:19
2017-12-26 12:40:59,173,a0:18:28:33:34:f8,08:66:98:ed:1e:19
2017-12-26 12:49:24,173,a0:18:28:33:34:f8,08:66:98:ed:1e:19
2017-12-26 12:49:24,173,a0:18:28:33:34:f8,08:66:98:ed:1e:19
2017-12-26 12:49:24,173,a0:18:28:33:34:f8,08:66:98:ed:1e:19
2017-12-26 12:49:24,173,a0:18:28:33:34:f8,08:66:98:ed:1e:19
2017-12-26 12:49:25,173,a0:18:28:33:34:f8,08:66:98:ed:1e:19
2017-12-26 12:49:25,173,a0:18:28:33:34:f8,08:66:98:ed:1e:19
2017-12-26 12:49:25,173,a0:18:28:33:34:f8,08:66:98:ed:1e:19
2017-12-26 12:49:25,173,a0:18:28:33:34:f8,08:66:98:ed:1e:19
2017-12-26 12:49:25,173,a0:18:28:33:34:f8,08:66:98:ed:1e:19
2017-12-26 12:49:25,173,a0:18:28:33:34:f8,08:66:98:ed:1e:19
2017-12-26 12:49:25,173,a0:18:28:33:34:f8,08:66:98:ed:1e:19
2017-12-26 12:49:25,173,a0:18:28:33:34:f8,08:66:98:ed:1e:19
2017-12-26 12:49:25,173,a0:18:28:33:34:f8,08:66:98:ed:1e:19
2017-12-26 12:49:25,173,a0:18:28:33:34:f8,08:66:98:ed:1e:19
2017-12-26 12:49:25,173,a0:18:28:33:34:f8,08:66:98:ed:1e:19
2017-12-26 12:49:25,173,a0:18:28:33:34:f8,08:66:98:ed:1e:19
2017-12-26 12:49:25,173,a0:18:28:33:34:f8,08:66:98:ed:1e:19
2017-12-26 12:49:25,173,a0:18:28:33:34:f8,08:66:98:ed:1e:19
2017-12-26 12:49:25,173,a0:18:28:33:34:f8,08:66:98:ed:1e:19
2017-12-26 12:49:25,173,a0:18:28:33:34:f8,08:66:98:ed:1e:19
2017-12-26 12:49:25,173,a0:18:28:33:34:f8,08:66:98:ed:1e:19
2017-12-26 12:49:25,173,a0:18:28:33:34:f8,08:66:98:ed:1e:19
2017-12-26 12:49:25,173,a0:18:28:33:34:f8,08:66:98:ed:1e:19
2017-12-26 12:49:25,173,a0:18:28:33:34:f8,08:66:98:ed:1e:19
2017-12-26 12:49:25,173,a0:18:28:33:34:f8,08:66:98:ed:1e:19
2017-12-26 12:49:25,173,a0:18:28:33:34:f8,08:66:98:ed:1e:19
2017-12-26 12:49:25,173,a0:18:28:33:34:f8,08:66:98:ed:1e:19
2017-12-26 12:49:25,173,a0:18:28:33:34:f8,08:66:98:ed:1e:19
2017-12-26 12:49:25,173,a0:18:28:33:34:f8,08:66:98:ed:1e:19
2017-12-26 12:49:25,173,a0:18:28:33:34:f8,08:66:98:ed:1e:19
2017-12-26 12:49:25,173,a0:18:28:33:34:f8,08:66:98:ed:1e:19
2017-12-26 12:49:25,173,a0:18:28:33:34:f8,08:66:98:ed:1e:19
2017-12-26 12:49:25,173,a0:18:28:33:34:f8,08:66:98:ed:1e:19
2017-12-26 12:49:25,173,a0:18:28:33:34:f8,08:66:98:ed:1e:19
2017-12-26 12:49:25,173,a0:18:28:33:34:f8,08:66:98:ed:1e:19
2017-12-26 12:49:25,173,a0:18:28:33:34:f8,08:66:98:ed:1e:19
2017-12-26 12:57:06,173,a0:18:28:33:34:f8,08:66:98:ed:1e:19
2017-12-26 12:57:06,173,a0:18:28:33:34:f8,08:66:98:ed:1e:19
2017-12-26 12:57:06,173,a0:18:28:33:34:f8,08:66:98:ed:1e:19
2017-12-26 12:57:06,173,a0:18:28:33:34:f8,08:66:98:ed:1e:19
2017-12-26 12:57:06,173,a0:18:28:33:34:f8,08:66:98:ed:1e:19
2017-12-26 12:57:06,173,a0:18:28:33:34:f8,08:66:98:ed:1e:19
2017-12-26 12:57:06,173,a0:18:28:33:34:f8,08:66:98:ed:1e:19
2017-12-26 12:57:07,173,a0:18:28:33:34:f8,08:66:98:ed:1e:19
2017-12-26 12:57:07,173,a0:18:28:33:34:f8,08:66:98:ed:1e:19
2017-12-26 12:57:07,173,a0:18:28:33:34:f8,08:66:98:ed:1e:19
2017-12-26 12:57:07,173,a0:18:28:33:34:f8,08:66:98:ed:1e:19
2017-12-26 12:57:07,173,a0:18:28:33:34:f8,08:66:98:ed:1e:19
2017-12-26 12:57:07,173,a0:18:28:33:34:f8,08:66:98:ed:1e:19
2017-12-26 12:57:07,173,a0:18:28:33:34:f8,08:66:98:ed:1e:19
2017-12-26 12:57:07,173,a0:18:28:33:34:f8,08:66:98:ed:1e:19
2017-12-26 12:57:07,173,a0:18:28:33:34:f8,08:66:98:ed:1e:19
2017-12-26 12:57:07,173,a0:18:28:33:34:f8,08:66:98:ed:1e:19
2017-12-26 12:57:07,173,a0:18:28:33:34:f8,08:66:98:ed:1e:19
2017-12-26 12:57:07,173,a0:18:28:33:34:f8,08:66:98:ed:1e:19
2017-12-26 12:57:07,173,a0:18:28:33:34:f8,08:66:98:ed:1e:19
2017-12-26 12:57:07,173,a0:18:28:33:34:f8,08:66:98:ed:1e:19
2017-12-26 12:57:07,173,a0:18:28:33:34:f8,08:66:98:ed:1e:19
2017-12-26 12:57:07,173,a0:18:28:33:34:f8,08:66:98:ed:1e:19
2017-12-26 12:57:07,173,a0:18:28:33:34:f8,08:66:98:ed:1e:19
2017-12-26 12:57:07,173,a0:18:28:33:34:f8,08:66:98:ed:1e:19
2017-12-26 12:57:07,173,a0:18:28:33:34:f8,08:66:98:ed:1e:19
2017-12-26 12:57:07,173,a0:18:28:33:34:f8,08:66:98:ed:1e:19
2017-12-26 12:57:07,173,a0:18:28:33:34:f8,08:66:98:ed:1e:19
2017-12-26 12:57:07,173,a0:18:28:33:34:f8,08:66:98:ed:1e:19
2017-12-26 12:57:07,173,a0:18:28:33:34:f8,08:66:98:ed:1e:19
2017-12-26 12:57:07,173,a0:18:28:33:34:f8,08:66:98:ed:1e:19
2017-12-26 12:57:07,173,a0:18:28:33:34:f8,08:66:98:ed:1e:19
2017-12-26 12:57:08,173,a0:18:28:33:34:f8,08:66:98:ed:1e:19
2017-12-26 13:32:45,173,a0:18:28:33:34:f8,08:66:98:ed:1e:19
2017-12-26 13:32:45,173,a0:18:28:33:34:f8,08:66:98:ed:1e:19
2017-12-26 13:32:45,173,a0:18:28:33:34:f8,08:66:98:ed:1e:19
2017-12-26 13:32:45,173,a0:18:28:33:34:f8,08:66:98:ed:1e:19
2017-12-26 13:32:45,173,a0:18:28:33:34:f8,08:66:98:ed:1e:19
2017-12-26 13:32:45,173,a0:18:28:33:34:f8,08:66:98:ed:1e:19
2017-12-26 13:32:45,173,a0:18:28:33:34:f8,08:66:98:ed:1e:19
2017-12-26 13:32:45,173,a0:18:28:33:34:f8,08:66:98:ed:1e:19
2017-12-26 13:32:45,173,a0:18:28:33:34:f8,08:66:98:ed:1e:19
2017-12-26 13:32:45,173,a0:18:28:33:34:f8,08:66:98:ed:1e:19
2017-12-26 13:32:46,173,a0:18:28:33:34:f8,08:66:98:ed:1e:19
2017-12-26 13:32:46,173,a0:18:28:33:34:f8,08:66:98:ed:1e:19
2017-12-26 13:32:46,173,a0:18:28:33:34:f8,08:66:98:ed:1e:19
2017-12-26 13:32:46,173,a0:18:28:33:34:f8,08:66:98:ed:1e:19
2017-12-26 13:32:46,173,a0:18:28:33:34:f8,08:66:98:ed:1e:19
2017-12-26 13:32:46,173,a0:18:28:33:34:f8,08:66:98:ed:1e:19
2017-12-26 13:32:46,173,a0:18:28:33:34:f8,08:66:98:ed:1e:19
2017-12-26 13:32:46,173,a0:18:28:33:34:f8,08:66:98:ed:1e:19
2017-12-26 13:32:46,173,a0:18:28:33:34:f8,08:66:98:ed:1e:19
2017-12-26 13:32:46,173,a0:18:28:33:34:f8,08:66:98:ed:1e:19
2017-12-26 13:32:46,173,a0:18:28:33:34:f8,08:66:98:ed:1e:19
2017-12-26 13:32:46,173,a0:18:28:33:34:f8,08:66:98:ed:1e:19
2017-12-26 13:32:46,173,a0:18:28:33:34:f8,08:66:98:ed:1e:19
2017-12-26 13:36:12,173,a0:18:28:33:34:f8,08:66:98:ed:1e:19
2017-12-26 13:36:12,173,a0:18:28:33:34:f8,08:66:98:ed:1e:19
2017-12-26 13:36:12,173,a0:18:28:33:34:f8,08:66:98:ed:1e:19
2017-12-26 13:36:12,173,a0:18:28:33:34:f8,08:66:98:ed:1e:19
2017-12-26 13:36:12,173,a0:18:28:33:34:f8,08:66:98:ed:1e:19
2017-12-26 13:36:12,173,a0:18:28:33:34:f8,08:66:98:ed:1e:19
2017-12-26 13:36:12,173,a0:18:28:33:34:f8,08:66:98:ed:1e:19
2017-12-26 13:36:12,173,a0:18:28:33:34:f8,08:66:98:ed:1e:19
2017-12-26 13:36:12,173,a0:18:28:33:34:f8,08:66:98:ed:1e:19
2017-12-26 13:36:12,173,a0:18:28:33:34:f8,08:66:98:ed:1e:19
2017-12-26 13:36:12,173,a0:18:28:33:34:f8,08:66:98:ed:1e:19
2017-12-26 13:36:12,173,a0:18:28:33:34:f8,08:66:98:ed:1e:19
2017-12-26 13:36:12,173,a0:18:28:33:34:f8,08:66:98:ed:1e:19
2017-12-26 13:36:12,173,a0:18:28:33:34:f8,08:66:98:ed:1e:19
2017-12-26 13:36:12,173,a0:18:28:33:34:f8,08:66:98:ed:1e:19
2017-12-26 13:36:12,173,a0:18:28:33:34:f8,08:66:98:ed:1e:19
2017-12-26 13:36:12,173,a0:18:28:33:34:f8,08:66:98:ed:1e:19
2017-12-26 13:36:12,173,a0:18:28:33:34:f8,08:66:98:ed:1e:19
2017-12-26 13:36:13,173,a0:18:28:33:34:f8,08:66:98:ed:1e:19
2017-12-26 13:36:13,173,a0:18:28:33:34:f8,08:66:98:ed:1e:19
2017-12-26 13:36:13,173,a0:18:28:33:34:f8,08:66:98:ed:1e:19
2017-12-26 13:36:13,173,a0:18:28:33:34:f8,08:66:98:ed:1e:19
2017-12-26 13:36:13,173,a0:18:28:33:34:f8,08:66:98:ed:1e:19
2017-12-26 13:36:13,173,a0:18:28:33:34:f8,08:66:98:ed:1e:19
2017-12-26 13:36:13,173,a0:18:28:33:34:f8,08:66:98:ed:1e:19
2017-12-26 13:36:13,173,a0:18:28:33:34:f8,08:66:98:ed:1e:19
2017-12-26 13:36:13,173,a0:18:28:33:34:f8,08:66:98:ed:1e:19
2017-12-26 13:36:13,173,a0:18:28:33:34:f8,08:66:98:ed:1e:19
2017-12-26 13:36:13,173,a0:18:28:33:34:f8,08:66:98:ed:1e:19
2017-12-26 13:48:09,173,a0:18:28:33:34:f8,08:66:98:ed:1e:19
2017-12-26 13:48:09,173,a0:18:28:33:34:f8,08:66:98:ed:1e:19
2017-12-26 13:48:10,173,a0:18:28:33:34:f8,08:66:98:ed:1e:19
2017-12-26 13:48:10,173,a0:18:28:33:34:f8,08:66:98:ed:1e:19
2017-12-26 13:48:10,173,a0:18:28:33:34:f8,08:66:98:ed:1e:19
2017-12-26 13:48:10,173,a0:18:28:33:34:f8,08:66:98:ed:1e:19
2017-12-26 13:48:10,173,a0:18:28:33:34:f8,08:66:98:ed:1e:19
2017-12-26 13:48:10,173,a0:18:28:33:34:f8,08:66:98:ed:1e:19
2017-12-26 13:48:10,173,a0:18:28:33:34:f8,08:66:98:ed:1e:19
2017-12-26 13:48:10,173,a0:18:28:33:34:f8,08:66:98:ed:1e:19
2017-12-26 13:48:10,173,a0:18:28:33:34:f8,08:66:98:ed:1e:19
2017-12-26 13:48:10,173,a0:18:28:33:34:f8,08:66:98:ed:1e:19
2017-12-26 13:48:10,173,a0:18:28:33:34:f8,08:66:98:ed:1e:19
2017-12-26 13:48:10,173,a0:18:28:33:34:f8,08:66:98:ed:1e:19
2017-12-26 13:48:10,173,a0:18:28:33:34:f8,08:66:98:ed:1e:19
2017-12-26 13:48:10,173,a0:18:28:33:34:f8,08:66:98:ed:1e:19
2017-12-26 13:48:10,173,a0:18:28:33:34:f8,08:66:98:ed:1e:19
2017-12-26 13:48:10,173,a0:18:28:33:34:f8,08:66:98:ed:1e:19
2017-12-26 13:48:10,173,a0:18:28:33:34:f8,08:66:98:ed:1e:19
2017-12-26 13:48:10,173,a0:18:28:33:34:f8,08:66:98:ed:1e:19
2017-12-26 13:48:10,173,a0:18:28:33:34:f8,08:66:98:ed:1e:19
2017-12-26 13:48:10,173,a0:18:28:33:34:f8,08:66:98:ed:1e:19
2017-12-26 13:48:10,173,a0:18:28:33:34:f8,08:66:98:ed:1e:19
2017-12-26 14:16:32,173,a0:18:28:33:34:f8,08:66:98:ed:1e:19
2017-12-26 14:16:32,173,a0:18:28:33:34:f8,08:66:98:ed:1e:19
2017-12-26 14:16:32,173,a0:18:28:33:34:f8,08:66:98:ed:1e:19
2017-12-26 14:16:32,173,a0:18:28:33:34:f8,08:66:98:ed:1e:19
2017-12-26 14:16:32,173,a0:18:28:33:34:f8,08:66:98:ed:1e:19
2017-12-26 14:16:32,173,a0:18:28:33:34:f8,08:66:98:ed:1e:19
2017-12-26 14:16:32,173,a0:18:28:33:34:f8,08:66:98:ed:1e:19
2017-12-26 14:16:32,173,a0:18:28:33:34:f8,08:66:98:ed:1e:19
2017-12-26 14:16:32,173,a0:18:28:33:34:f8,08:66:98:ed:1e:19
2017-12-26 14:16:32,173,a0:18:28:33:34:f8,08:66:98:ed:1e:19
2017-12-26 14:16:32,173,a0:18:28:33:34:f8,08:66:98:ed:1e:19
2017-12-26 14:16:32,173,a0:18:28:33:34:f8,08:66:98:ed:1e:19
2017-12-26 14:16:32,173,a0:18:28:33:34:f8,08:66:98:ed:1e:19
2017-12-26 14:16:32,173,a0:18:28:33:34:f8,08:66:98:ed:1e:19
2017-12-26 14:16:32,173,a0:18:28:33:34:f8,08:66:98:ed:1e:19
2017-12-26 14:16:32,173,a0:18:28:33:34:f8,08:66:98:ed:1e:19
2017-12-26 14:16:32,173,a0:18:28:33:34:f8,08:66:98:ed:1e:19
2017-12-26 14:16:32,173,a0:18:28:33:34:f8,08:66:98:ed:1e:19
2017-12-26 14:16:32,173,a0:18:28:33:34:f8,08:66:98:ed:1e:19
2017-12-26 14:16:32,173,a0:18:28:33:34:f8,08:66:98:ed:1e:19
2017-12-26 14:16:32,173,a0:18:28:33:34:f8,08:66:98:ed:1e:19
2017-12-26 14:16:32,173,a0:18:28:33:34:f8,08:66:98:ed:1e:19
2017-12-26 14:16:32,173,a0:18:28:33:34:f8,08:66:98:ed:1e:19
2017-12-26 14:16:32,173,a0:18:28:33:34:f8,08:66:98:ed:1e:19
2017-12-26 14:16:32,173,a0:18:28:33:34:f8,08:66:98:ed:1e:19
2017-12-26 14:16:33,173,a0:18:28:33:34:f8,08:66:98:ed:1e:19
2017-12-26 14:16:33,173,a0:18:28:33:34:f8,08:66:98:ed:1e:19
2017-12-26 14:16:33,173,a0:18:28:33:34:f8,08:66:98:ed:1e:19
2017-12-26 14:24:23,173,a0:18:28:33:34:f8,08:66:98:ed:1e:19
2017-12-26 14:24:23,173,a0:18:28:33:34:f8,08:66:98:ed:1e:19
2017-12-26 14:24:23,173,a0:18:28:33:34:f8,08:66:98:ed:1e:19
2017-12-26 14:24:23,173,a0:18:28:33:34:f8,08:66:98:ed:1e:19
2017-12-26 14:24:23,173,a0:18:28:33:34:f8,08:66:98:ed:1e:19
2017-12-26 14:24:23,173,a0:18:28:33:34:f8,08:66:98:ed:1e:19
2017-12-26 14:24:23,173,a0:18:28:33:34:f8,08:66:98:ed:1e:19
2017-12-26 14:24:23,173,a0:18:28:33:34:f8,08:66:98:ed:1e:19
2017-12-26 14:24:23,173,a0:18:28:33:34:f8,08:66:98:ed:1e:19
2017-12-26 14:24:23,173,a0:18:28:33:34:f8,08:66:98:ed:1e:19
2017-12-26 14:24:23,173,a0:18:28:33:34:f8,08:66:98:ed:1e:19
2017-12-26 14:24:23,173,a0:18:28:33:34:f8,08:66:98:ed:1e:19
2017-12-26 14:24:23,173,a0:18:28:33:34:f8,08:66:98:ed:1e:19
2017-12-26 14:24:24,173,a0:18:28:33:34:f8,08:66:98:ed:1e:19
2017-12-26 14:24:24,173,a0:18:28:33:34:f8,08:66:98:ed:1e:19
2017-12-26 14:24:24,173,a0:18:28:33:34:f8,08:66:98:ed:1e:19
2017-12-26 14:24:24,173,a0:18:28:33:34:f8,08:66:98:ed:1e:19
2017-12-26 14:24:24,173,a0:18:28:33:34:f8,08:66:98:ed:1e:19
2017-12-26 14:24:24,173,a0:18:28:33:34:f8,08:66:98:ed:1e:19
2017-12-26 14:24:24,173,a0:18:28:33:34:f8,08:66:98:ed:1e:19
2017-12-26 14:24:24,173,a0:18:28:33:34:f8,08:66:98:ed:1e:19
2017-12-26 14:24:24,173,a0:18:28:33:34:f8,08:66:98:ed:1e:19
2017-12-26 14:24:24,173,a0:18:28:33:34:f8,08:66:98:ed:1e:19
2017-12-26 14:24:24,173,a0:18:28:33:34:f8,08:66:98:ed:1e:19
2017-12-26 14:28:41,173,a0:18:28:33:34:f8,08:66:98:ed:1e:19
2017-12-26 14:28:41,173,a0:18:28:33:34:f8,08:66:98:ed:1e:19
2017-12-26 14:28:41,173,a0:18:28:33:34:f8,08:66:98:ed:1e:19
2017-12-26 14:28:41,173,a0:18:28:33:34:f8,08:66:98:ed:1e:19
2017-12-26 14:28:41,173,a0:18:28:33:34:f8,08:66:98:ed:1e:19
2017-12-26 14:28:41,173,a0:18:28:33:34:f8,08:66:98:ed:1e:19
2017-12-26 14:28:41,173,a0:18:28:33:34:f8,08:66:98:ed:1e:19
2017-12-26 14:28:41,173,a0:18:28:33:34:f8,08:66:98:ed:1e:19
2017-12-26 14:28:41,173,a0:18:28:33:34:f8,08:66:98:ed:1e:19
2017-12-26 14:28:41,173,a0:18:28:33:34:f8,08:66:98:ed:1e:19
2017-12-26 14:28:41,173,a0:18:28:33:34:f8,08:66:98:ed:1e:19
2017-12-26 14:28:41,173,a0:18:28:33:34:f8,08:66:98:ed:1e:19
2017-12-26 14:28:41,173,a0:18:28:33:34:f8,08:66:98:ed:1e:19
2017-12-26 14:28:41,173,a0:18:28:33:34:f8,08:66:98:ed:1e:19
2017-12-26 14:28:41,173,a0:18:28:33:34:f8,08:66:98:ed:1e:19
2017-12-26 14:28:41,173,a0:18:28:33:34:f8,08:66:98:ed:1e:19
2017-12-26 14:28:41,173,a0:18:28:33:34:f8,08:66:98:ed:1e:19
2017-12-26 14:28:41,173,a0:18:28:33:34:f8,08:66:98:ed:1e:19
2017-12-26 14:28:41,173,a0:18:28:33:34:f8,08:66:98:ed:1e:19
2017-12-26 14:28:41,173,a0:18:28:33:34:f8,08:66:98:ed:1e:19
2017-12-26 14:28:41,173,a0:18:28:33:34:f8,08:66:98:ed:1e:19
2017-12-26 14:28:41,173,a0:18:28:33:34:f8,08:66:98:ed:1e:19
2017-12-26 14:28:42,173,a0:18:28:33:34:f8,08:66:98:ed:1e:19
2017-12-26 14:28:42,173,a0:18:28:33:34:f8,08:66:98:ed:1e:19
2017-12-26 14:28:42,173,a0:18:28:33:34:f8,08:66:98:ed:1e:19
2017-12-26 14:28:42,173,a0:18:28:33:34:f8,08:66:98:ed:1e:19
2017-12-26 14:28:42,173,a0:18:28:33:34:f8,08:66:98:ed:1e:19
2017-12-26 14:28:42,173,a0:18:28:33:34:f8,08:66:98:ed:1e:19
2017-12-26 14:28:42,173,a0:18:28:33:34:f8,08:66:98:ed:1e:19
2017-12-26 14:28:42,173,a0:18:28:33:34:f8,08:66:98:ed:1e:19
2017-12-26 14:28:42,173,a0:18:28:33:34:f8,08:66:98:ed:1e:19
2017-12-26 14:28:42,173,a0:18:28:33:34:f8,08:66:98:ed:1e:19
2017-12-26 14:28:42,173,a0:18:28:33:34:f8,08:66:98:ed:1e:19
2017-12-26 14:28:42,173,a0:18:28:33:34:f8,08:66:98:ed:1e:19
2017-12-26 14:28:42,173,a0:18:28:33:34:f8,08:66:98:ed:1e:19
2017-12-26 14:32:08,173,a0:18:28:33:34:f8,08:66:98:ed:1e:19
2017-12-26 14:32:08,173,a0:18:28:33:34:f8,08:66:98:ed:1e:19
2017-12-26 14:32:08,173,a0:18:28:33:34:f8,08:66:98:ed:1e:19
2017-12-26 14:32:09,173,a0:18:28:33:34:f8,08:66:98:ed:1e:19
2017-12-26 14:32:09,173,a0:18:28:33:34:f8,08:66:98:ed:1e:19
2017-12-26 14:32:09,173,a0:18:28:33:34:f8,08:66:98:ed:1e:19
2017-12-26 14:32:09,173,a0:18:28:33:34:f8,08:66:98:ed:1e:19
2017-12-26 14:32:09,173,a0:18:28:33:34:f8,08:66:98:ed:1e:19
2017-12-26 14:32:09,173,a0:18:28:33:34:f8,08:66:98:ed:1e:19
2017-12-26 14:32:09,173,a0:18:28:33:34:f8,08:66:98:ed:1e:19
2017-12-26 14:32:09,173,a0:18:28:33:34:f8,08:66:98:ed:1e:19
2017-12-26 14:32:09,173,a0:18:28:33:34:f8,08:66:98:ed:1e:19
2017-12-26 14:32:09,173,a0:18:28:33:34:f8,08:66:98:ed:1e:19
2017-12-26 14:32:09,173,a0:18:28:33:34:f8,08:66:98:ed:1e:19
2017-12-26 14:32:09,173,a0:18:28:33:34:f8,08:66:98:ed:1e:19
2017-12-26 14:32:09,173,a0:18:28:33:34:f8,08:66:98:ed:1e:19
2017-12-26 14:32:09,173,a0:18:28:33:34:f8,08:66:98:ed:1e:19
2017-12-26 14:32:09,173,a0:18:28:33:34:f8,08:66:98:ed:1e:19
2017-12-26 14:32:09,173,a0:18:28:33:34:f8,08:66:98:ed:1e:19
2017-12-26 14:32:09,173,a0:18:28:33:34:f8,08:66:98:ed:1e:19
2017-12-26 14:32:09,173,a0:18:28:33:34:f8,08:66:98:ed:1e:19
2017-12-26 14:32:09,173,a0:18:28:33:34:f8,08:66:98:ed:1e:19
2017-12-26 14:32:09,173,a0:18:28:33:34:f8,08:66:98:ed:1e:19
2017-12-26 14:32:09,173,a0:18:28:33:34:f8,08:66:98:ed:1e:19
2017-12-26 14:32:09,173,a0:18:28:33:34:f8,08:66:98:ed:1e:19
2017-12-26 14:32:09,173,a0:18:28:33:34:f8,08:66:98:ed:1e:19
2017-12-26 14:32:09,173,a0:18:28:33:34:f8,08:66:98:ed:1e:19
2017-12-26 14:32:09,173,a0:18:28:33:34:f8,08:66:98:ed:1e:19
2017-12-26 14:32:09,173,a0:18:28:33:34:f8,08:66:98:ed:1e:19
2017-12-26 14:32:09,173,a0:18:28:33:34:f8,08:66:98:ed:1e:19
2017-12-26 14:32:09,173,a0:18:28:33:34:f8,08:66:98:ed:1e:19
2017-12-26 14:32:09,173,a0:18:28:33:34:f8,08:66:98:ed:1e:19
2017-12-26 14:32:09,173,a0:18:28:33:34:f8,08:66:98:ed:1e:19
2017-12-26 14:32:09,173,a0:18:28:33:34:f8,08:66:98:ed:1e:19
2017-12-26 14:32:09,173,a0:18:28:33:34:f8,08:66:98:ed:1e:19
2017-12-26 14:32:09,173,a0:18:28:33:34:f8,08:66:98:ed:1e:19
2017-12-26 14:32:09,173,a0:18:28:33:34:f8,08:66:98:ed:1e:19
2017-12-26 14:32:09,173,a0:18:28:33:34:f8,08:66:98:ed:1e:19
2017-12-26 14:32:09,173,a0:18:28:33:34:f8,08:66:98:ed:1e:19
2017-12-26 14:32:09,173,a0:18:28:33:34:f8,08:66:98:ed:1e:19
2017-12-26 14:32:10,173,a0:18:28:33:34:f8,08:66:98:ed:1e:19
2017-12-26 14:32:10,173,a0:18:28:33:34:f8,08:66:98:ed:1e:19
2017-12-26 14:32:10,173,a0:18:28:33:34:f8,08:66:98:ed:1e:19
2017-12-26 14:32:10,173,a0:18:28:33:34:f8,08:66:98:ed:1e:19
2017-12-26 14:32:10,173,a0:18:28:33:34:f8,08:66:98:ed:1e:19
2017-12-26 14:32:10,173,a0:18:28:33:34:f8,08:66:98:ed:1e:19
2017-12-26 14:35:54,173,a0:18:28:33:34:f8,08:66:98:ed:1e:19
2017-12-26 14:35:54,173,a0:18:28:33:34:f8,08:66:98:ed:1e:19
2017-12-26 14:35:54,173,a0:18:28:33:34:f8,08:66:98:ed:1e:19
2017-12-26 14:35:54,173,a0:18:28:33:34:f8,08:66:98:ed:1e:19
2017-12-26 14:35:54,173,a0:18:28:33:34:f8,08:66:98:ed:1e:19
2017-12-26 14:35:54,173,a0:18:28:33:34:f8,08:66:98:ed:1e:19
2017-12-26 14:35:54,173,a0:18:28:33:34:f8,08:66:98:ed:1e:19
2017-12-26 14:35:55,173,a0:18:28:33:34:f8,08:66:98:ed:1e:19
2017-12-26 14:35:55,173,a0:18:28:33:34:f8,08:66:98:ed:1e:19
2017-12-26 14:35:55,173,a0:18:28:33:34:f8,08:66:98:ed:1e:19
2017-12-26 14:35:55,173,a0:18:28:33:34:f8,08:66:98:ed:1e:19
2017-12-26 14:35:55,173,a0:18:28:33:34:f8,08:66:98:ed:1e:19
2017-12-26 14:35:55,173,a0:18:28:33:34:f8,08:66:98:ed:1e:19
2017-12-26 14:35:55,173,a0:18:28:33:34:f8,08:66:98:ed:1e:19
2017-12-26 14:35:55,173,a0:18:28:33:34:f8,08:66:98:ed:1e:19
2017-12-26 14:35:55,173,a0:18:28:33:34:f8,08:66:98:ed:1e:19
2017-12-26 14:35:55,173,a0:18:28:33:34:f8,08:66:98:ed:1e:19
2017-12-26 14:35:55,173,a0:18:28:33:34:f8,08:66:98:ed:1e:19
2017-12-26 14:35:55,173,a0:18:28:33:34:f8,08:66:98:ed:1e:19
2017-12-26 14:35:55,173,a0:18:28:33:34:f8,08:66:98:ed:1e:19
2017-12-26 14:35:55,173,a0:18:28:33:34:f8,08:66:98:ed:1e:19
2017-12-26 14:35:55,173,a0:18:28:33:34:f8,08:66:98:ed:1e:19
2017-12-26 14:35:55,173,a0:18:28:33:34:f8,08:66:98:ed:1e:19
2017-12-26 14:35:55,173,a0:18:28:33:34:f8,08:66:98:ed:1e:19
2017-12-26 14:35:55,173,a0:18:28:33:34:f8,08:66:98:ed:1e:19
2017-12-26 14:35:55,173,a0:18:28:33:34:f8,08:66:98:ed:1e:19
2017-12-26 14:40:03,173,a0:18:28:33:34:f8,08:66:98:ed:1e:19
2017-12-26 14:40:03,173,a0:18:28:33:34:f8,08:66:98:ed:1e:19
2017-12-26 14:40:03,173,a0:18:28:33:34:f8,08:66:98:ed:1e:19
2017-12-26 14:40:03,173,a0:18:28:33:34:f8,08:66:98:ed:1e:19
2017-12-26 14:40:03,173,a0:18:28:33:34:f8,08:66:98:ed:1e:19
2017-12-26 14:40:03,173,a0:18:28:33:34:f8,08:66:98:ed:1e:19
2017-12-26 14:40:03,173,a0:18:28:33:34:f8,08:66:98:ed:1e:19
2017-12-26 14:40:03,173,a0:18:28:33:34:f8,08:66:98:ed:1e:19
2017-12-26 14:40:04,173,a0:18:28:33:34:f8,08:66:98:ed:1e:19
2017-12-26 14:40:04,173,a0:18:28:33:34:f8,08:66:98:ed:1e:19
2017-12-26 14:40:05,173,a0:18:28:33:34:f8,08:66:98:ed:1e:19
2017-12-26 14:40:05,173,a0:18:28:33:34:f8,08:66:98:ed:1e:19
2017-12-26 14:40:05,173,a0:18:28:33:34:f8,08:66:98:ed:1e:19
2017-12-26 14:40:05,173,a0:18:28:33:34:f8,08:66:98:ed:1e:19
2017-12-26 14:40:05,173,a0:18:28:33:34:f8,08:66:98:ed:1e:19
2017-12-26 14:40:05,173,a0:18:28:33:34:f8,08:66:98:ed:1e:19
2017-12-26 14:40:05,173,a0:18:28:33:34:f8,08:66:98:ed:1e:19
2017-12-26 14:40:05,173,a0:18:28:33:34:f8,08:66:98:ed:1e:19
2017-12-26 14:40:05,173,a0:18:28:33:34:f8,08:66:98:ed:1e:19
2017-12-26 14:40:05,173,a0:18:28:33:34:f8,08:66:98:ed:1e:19
2017-12-26 14:40:05,173,a0:18:28:33:34:f8,08:66:98:ed:1e:19
2017-12-26 14:40:05,173,a0:18:28:33:34:f8,08:66:98:ed:1e:19
2017-12-26 14:40:05,173,a0:18:28:33:34:f8,08:66:98:ed:1e:19
2017-12-26 14:40:05,173,a0:18:28:33:34:f8,08:66:98:ed:1e:19
2017-12-26 14:40:05,173,a0:18:28:33:34:f8,08:66:98:ed:1e:19
2017-12-26 14:40:05,173,a0:18:28:33:34:f8,08:66:98:ed:1e:19
2017-12-26 14:40:05,173,a0:18:28:33:34:f8,08:66:98:ed:1e:19
2017-12-26 14:40:05,173,a0:18:28:33:34:f8,08:66:98:ed:1e:19
2017-12-26 14:40:05,173,a0:18:28:33:34:f8,08:66:98:ed:1e:19
2017-12-26 14:40:05,173,a0:18:28:33:34:f8,08:66:98:ed:1e:19
2017-12-26 14:40:05,173,a0:18:28:33:34:f8,08:66:98:ed:1e:19
2017-12-26 14:40:05,173,a0:18:28:33:34:f8,08:66:98:ed:1e:19
2017-12-26 14:40:05,173,a0:18:28:33:34:f8,08:66:98:ed:1e:19
2017-12-26 14:40:05,173,a0:18:28:33:34:f8,08:66:98:ed:1e:19
2017-12-26 14:40:05,173,a0:18:28:33:34:f8,08:66:98:ed:1e:19
2017-12-26 14:40:05,173,a0:18:28:33:34:f8,08:66:98:ed:1e:19
2017-12-26 14:40:05,173,a0:18:28:33:34:f8,08:66:98:ed:1e:19
2017-12-26 14:40:05,173,a0:18:28:33:34:f8,08:66:98:ed:1e:19
2017-12-26 14:44:11,173,a0:18:28:33:34:f8,08:66:98:ed:1e:19
2017-12-26 14:44:11,173,a0:18:28:33:34:f8,08:66:98:ed:1e:19
2017-12-26 14:44:11,173,a0:18:28:33:34:f8,08:66:98:ed:1e:19
2017-12-26 14:44:11,173,a0:18:28:33:34:f8,08:66:98:ed:1e:19
2017-12-26 14:44:11,173,a0:18:28:33:34:f8,08:66:98:ed:1e:19
2017-12-26 14:44:11,173,a0:18:28:33:34:f8,08:66:98:ed:1e:19
2017-12-26 14:44:11,173,a0:18:28:33:34:f8,08:66:98:ed:1e:19
2017-12-26 14:44:11,173,a0:18:28:33:34:f8,08:66:98:ed:1e:19
2017-12-26 14:44:11,173,a0:18:28:33:34:f8,08:66:98:ed:1e:19
2017-12-26 14:44:11,173,a0:18:28:33:34:f8,08:66:98:ed:1e:19
2017-12-26 14:44:11,173,a0:18:28:33:34:f8,08:66:98:ed:1e:19
2017-12-26 14:44:11,173,a0:18:28:33:34:f8,08:66:98:ed:1e:19
2017-12-26 14:44:11,173,a0:18:28:33:34:f8,08:66:98:ed:1e:19
2017-12-26 14:44:11,173,a0:18:28:33:34:f8,08:66:98:ed:1e:19
2017-12-26 14:44:11,173,a0:18:28:33:34:f8,08:66:98:ed:1e:19
2017-12-26 14:44:11,173,a0:18:28:33:34:f8,08:66:98:ed:1e:19
2017-12-26 14:44:11,173,a0:18:28:33:34:f8,08:66:98:ed:1e:19
2017-12-26 14:44:11,173,a0:18:28:33:34:f8,08:66:98:ed:1e:19
2017-12-26 14:44:11,173,a0:18:28:33:34:f8,08:66:98:ed:1e:19
2017-12-26 14:44:11,173,a0:18:28:33:34:f8,08:66:98:ed:1e:19
2017-12-26 14:44:11,173,a0:18:28:33:34:f8,08:66:98:ed:1e:19
2017-12-26 14:44:11,173,a0:18:28:33:34:f8,08:66:98:ed:1e:19
2017-12-26 14:44:11,173,a0:18:28:33:34:f8,08:66:98:ed:1e:19
2017-12-26 14:44:11,173,a0:18:28:33:34:f8,08:66:98:ed:1e:19
2017-12-26 14:44:11,173,a0:18:28:33:34:f8,08:66:98:ed:1e:19
2017-12-26 14:44:12,173,a0:18:28:33:34:f8,08:66:98:ed:1e:19
2017-12-26 14:44:12,173,a0:18:28:33:34:f8,08:66:98:ed:1e:19
2017-12-26 14:44:12,173,a0:18:28:33:34:f8,08:66:98:ed:1e:19
2017-12-26 14:44:12,173,a0:18:28:33:34:f8,08:66:98:ed:1e:19
2017-12-26 14:44:12,173,a0:18:28:33:34:f8,08:66:98:ed:1e:19
2017-12-26 14:44:12,173,a0:18:28:33:34:f8,08:66:98:ed:1e:19
2017-12-26 14:44:12,173,a0:18:28:33:34:f8,08:66:98:ed:1e:19
2017-12-26 14:44:12,173,a0:18:28:33:34:f8,08:66:98:ed:1e:19
2017-12-26 14:44:12,173,a0:18:28:33:34:f8,08:66:98:ed:1e:19
2017-12-26 14:44:12,173,a0:18:28:33:34:f8,08:66:98:ed:1e:19
2017-12-26 14:44:12,173,a0:18:28:33:34:f8,08:66:98:ed:1e:19
2017-12-26 14:44:12,173,a0:18:28:33:34:f8,08:66:98:ed:1e:19
2017-12-26 14:44:12,173,a0:18:28:33:34:f8,08:66:98:ed:1e:19
2017-12-26 14:44:12,173,a0:18:28:33:34:f8,08:66:98:ed:1e:19
2017-12-26 14:44:12,173,a0:18:28:33:34:f8,08:66:98:ed:1e:19
2017-12-26 14:44:12,173,a0:18:28:33:34:f8,08:66:98:ed:1e:19
2017-12-26 14:44:12,173,a0:18:28:33:34:f8,08:66:98:ed:1e:19
2017-12-26 14:44:12,173,a0:18:28:33:34:f8,08:66:98:ed:1e:19
2017-12-26 14:44:12,173,a0:18:28:33:34:f8,08:66:98:ed:1e:19
2017-12-26 14:48:08,173,a0:18:28:33:34:f8,08:66:98:ed:1e:19
2017-12-26 14:48:08,173,a0:18:28:33:34:f8,08:66:98:ed:1e:19
2017-12-26 14:48:08,173,a0:18:28:33:34:f8,08:66:98:ed:1e:19
2017-12-26 14:48:08,173,a0:18:28:33:34:f8,08:66:98:ed:1e:19
2017-12-26 14:48:08,173,a0:18:28:33:34:f8,08:66:98:ed:1e:19
2017-12-26 14:48:08,173,a0:18:28:33:34:f8,08:66:98:ed:1e:19
2017-12-26 14:48:08,173,a0:18:28:33:34:f8,08:66:98:ed:1e:19
2017-12-26 14:48:08,173,a0:18:28:33:34:f8,08:66:98:ed:1e:19
2017-12-26 14:48:08,173,a0:18:28:33:34:f8,08:66:98:ed:1e:19
2017-12-26 14:48:08,173,a0:18:28:33:34:f8,08:66:98:ed:1e:19
2017-12-26 14:48:08,173,a0:18:28:33:34:f8,08:66:98:ed:1e:19
2017-12-26 14:48:08,173,a0:18:28:33:34:f8,08:66:98:ed:1e:19
2017-12-26 14:48:08,173,a0:18:28:33:34:f8,08:66:98:ed:1e:19
2017-12-26 14:48:08,173,a0:18:28:33:34:f8,08:66:98:ed:1e:19
2017-12-26 14:48:08,173,a0:18:28:33:34:f8,08:66:98:ed:1e:19
2017-12-26 14:48:08,173,a0:18:28:33:34:f8,08:66:98:ed:1e:19
2017-12-26 14:48:08,173,a0:18:28:33:34:f8,08:66:98:ed:1e:19
2017-12-26 14:48:08,173,a0:18:28:33:34:f8,08:66:98:ed:1e:19
2017-12-26 14:48:08,173,a0:18:28:33:34:f8,08:66:98:ed:1e:19
2017-12-26 14:48:08,173,a0:18:28:33:34:f8,08:66:98:ed:1e:19
2017-12-26 14:48:08,173,a0:18:28:33:34:f8,08:66:98:ed:1e:19
2017-12-26 14:48:08,173,a0:18:28:33:34:f8,08:66:98:ed:1e:19
2017-12-26 14:48:08,173,a0:18:28:33:34:f8,08:66:98:ed:1e:19
2017-12-26 14:48:08,173,a0:18:28:33:34:f8,08:66:98:ed:1e:19
2017-12-26 14:48:08,173,a0:18:28:33:34:f8,08:66:98:ed:1e:19
2017-12-26 14:48:08,173,a0:18:28:33:34:f8,08:66:98:ed:1e:19
2017-12-26 14:48:08,173,a0:18:28:33:34:f8,08:66:98:ed:1e:19
2017-12-26 14:48:08,173,a0:18:28:33:34:f8,08:66:98:ed:1e:19
2017-12-26 14:48:09,173,a0:18:28:33:34:f8,08:66:98:ed:1e:19
2017-12-26 14:48:09,173,a0:18:28:33:34:f8,08:66:98:ed:1e:19
2017-12-26 14:48:09,173,a0:18:28:33:34:f8,08:66:98:ed:1e:19
2017-12-26 14:48:09,173,a0:18:28:33:34:f8,08:66:98:ed:1e:19
2017-12-26 14:48:09,173,a0:18:28:33:34:f8,08:66:98:ed:1e:19
2017-12-26 14:51:52,173,a0:18:28:33:34:f8,08:66:98:ed:1e:19
2017-12-26 14:51:52,173,a0:18:28:33:34:f8,08:66:98:ed:1e:19
2017-12-26 14:51:52,173,a0:18:28:33:34:f8,08:66:98:ed:1e:19
2017-12-26 14:51:52,173,a0:18:28:33:34:f8,08:66:98:ed:1e:19
2017-12-26 14:51:52,173,a0:18:28:33:34:f8,08:66:98:ed:1e:19
2017-12-26 14:51:52,173,a0:18:28:33:34:f8,08:66:98:ed:1e:19
2017-12-26 14:51:52,173,a0:18:28:33:34:f8,08:66:98:ed:1e:19
2017-12-26 14:51:53,173,a0:18:28:33:34:f8,08:66:98:ed:1e:19
2017-12-26 14:51:53,173,a0:18:28:33:34:f8,08:66:98:ed:1e:19
2017-12-26 14:51:53,173,a0:18:28:33:34:f8,08:66:98:ed:1e:19
2017-12-26 14:51:53,173,a0:18:28:33:34:f8,08:66:98:ed:1e:19
2017-12-26 14:51:53,173,a0:18:28:33:34:f8,08:66:98:ed:1e:19
2017-12-26 14:51:53,173,a0:18:28:33:34:f8,08:66:98:ed:1e:19
2017-12-26 14:51:53,173,a0:18:28:33:34:f8,08:66:98:ed:1e:19
2017-12-26 14:51:53,173,a0:18:28:33:34:f8,08:66:98:ed:1e:19
2017-12-26 14:51:53,173,a0:18:28:33:34:f8,08:66:98:ed:1e:19
2017-12-26 14:51:53,173,a0:18:28:33:34:f8,08:66:98:ed:1e:19
2017-12-26 14:51:53,173,a0:18:28:33:34:f8,08:66:98:ed:1e:19
2017-12-26 14:51:53,173,a0:18:28:33:34:f8,08:66:98:ed:1e:19
2017-12-26 14:51:53,173,a0:18:28:33:34:f8,08:66:98:ed:1e:19
2017-12-26 14:51:53,173,a0:18:28:33:34:f8,08:66:98:ed:1e:19
2017-12-26 14:51:53,173,a0:18:28:33:34:f8,08:66:98:ed:1e:19
2017-12-26 14:51:53,173,a0:18:28:33:34:f8,08:66:98:ed:1e:19
2017-12-26 14:51:53,173,a0:18:28:33:34:f8,08:66:98:ed:1e:19
2017-12-26 14:51:53,173,a0:18:28:33:34:f8,08:66:98:ed:1e:19
2017-12-26 14:51:53,173,a0:18:28:33:34:f8,08:66:98:ed:1e:19
2017-12-26 14:51:53,173,a0:18:28:33:34:f8,08:66:98:ed:1e:19
2017-12-26 14:51:53,173,a0:18:28:33:34:f8,08:66:98:ed:1e:19
2017-12-26 14:51:53,173,a0:18:28:33:34:f8,08:66:98:ed:1e:19
2017-12-26 14:51:53,173,a0:18:28:33:34:f8,08:66:98:ed:1e:19
2017-12-26 14:51:53,173,a0:18:28:33:34:f8,08:66:98:ed:1e:19
2017-12-26 14:51:53,173,a0:18:28:33:34:f8,08:66:98:ed:1e:19
2017-12-26 14:51:53,173,a0:18:28:33:34:f8,08:66:98:ed:1e:19
2017-12-26 14:51:53,173,a0:18:28:33:34:f8,08:66:98:ed:1e:19
2017-12-26 14:51:53,173,a0:18:28:33:34:f8,08:66:98:ed:1e:19
2017-12-26 14:51:53,173,a0:18:28:33:34:f8,08:66:98:ed:1e:19
2017-12-26 14:51:53,173,a0:18:28:33:34:f8,08:66:98:ed:1e:19
2017-12-26 14:51:53,173,a0:18:28:33:34:f8,08:66:98:ed:1e:19
2017-12-26 14:51:53,173,a0:18:28:33:34:f8,08:66:98:ed:1e:19
2017-12-26 14:56:16,173,a0:18:28:33:34:f8,08:66:98:ed:1e:19
2017-12-26 14:56:16,173,a0:18:28:33:34:f8,08:66:98:ed:1e:19
2017-12-26 14:56:16,173,a0:18:28:33:34:f8,08:66:98:ed:1e:19
2017-12-26 14:56:16,173,a0:18:28:33:34:f8,08:66:98:ed:1e:19
2017-12-26 14:56:16,173,a0:18:28:33:34:f8,08:66:98:ed:1e:19
2017-12-26 14:56:16,173,a0:18:28:33:34:f8,08:66:98:ed:1e:19
2017-12-26 14:56:16,173,a0:18:28:33:34:f8,08:66:98:ed:1e:19
2017-12-26 14:56:16,173,a0:18:28:33:34:f8,08:66:98:ed:1e:19
2017-12-26 14:56:16,173,a0:18:28:33:34:f8,08:66:98:ed:1e:19
2017-12-26 14:56:16,173,a0:18:28:33:34:f8,08:66:98:ed:1e:19
2017-12-26 14:56:16,173,a0:18:28:33:34:f8,08:66:98:ed:1e:19
2017-12-26 14:56:16,173,a0:18:28:33:34:f8,08:66:98:ed:1e:19
2017-12-26 14:56:16,173,a0:18:28:33:34:f8,08:66:98:ed:1e:19
2017-12-26 14:56:16,173,a0:18:28:33:34:f8,08:66:98:ed:1e:19
2017-12-26 14:56:17,173,a0:18:28:33:34:f8,08:66:98:ed:1e:19
2017-12-26 14:56:17,173,a0:18:28:33:34:f8,08:66:98:ed:1e:19
2017-12-26 14:56:17,173,a0:18:28:33:34:f8,08:66:98:ed:1e:19
2017-12-26 14:56:17,173,a0:18:28:33:34:f8,08:66:98:ed:1e:19
2017-12-26 14:56:17,173,a0:18:28:33:34:f8,08:66:98:ed:1e:19
2017-12-26 14:56:17,173,a0:18:28:33:34:f8,08:66:98:ed:1e:19
2017-12-26 14:56:17,173,a0:18:28:33:34:f8,08:66:98:ed:1e:19
2017-12-26 14:56:17,173,a0:18:28:33:34:f8,08:66:98:ed:1e:19
2017-12-26 14:56:17,173,a0:18:28:33:34:f8,08:66:98:ed:1e:19
2017-12-26 14:56:17,173,a0:18:28:33:34:f8,08:66:98:ed:1e:19
2017-12-26 14:56:17,173,a0:18:28:33:34:f8,08:66:98:ed:1e:19
2017-12-26 14:56:17,173,a0:18:28:33:34:f8,08:66:98:ed:1e:19
2017-12-26 14:56:17,173,a0:18:28:33:34:f8,08:66:98:ed:1e:19
2017-12-26 14:56:17,173,a0:18:28:33:34:f8,08:66:98:ed:1e:19
2017-12-26 14:56:17,173,a0:18:28:33:34:f8,08:66:98:ed:1e:19
2017-12-26 14:56:17,173,a0:18:28:33:34:f8,08:66:98:ed:1e:19
2017-12-26 14:56:17,173,a0:18:28:33:34:f8,08:66:98:ed:1e:19
2017-12-26 14:56:17,173,a0:18:28:33:34:f8,08:66:98:ed:1e:19
2017-12-26 15:00:35,173,a0:18:28:33:34:f8,08:66:98:ed:1e:19
2017-12-26 15:00:35,173,a0:18:28:33:34:f8,08:66:98:ed:1e:19
2017-12-26 15:00:35,173,a0:18:28:33:34:f8,08:66:98:ed:1e:19
2017-12-26 15:00:35,173,a0:18:28:33:34:f8,08:66:98:ed:1e:19
2017-12-26 15:00:35,173,a0:18:28:33:34:f8,08:66:98:ed:1e:19
2017-12-26 15:00:35,173,a0:18:28:33:34:f8,08:66:98:ed:1e:19
2017-12-26 15:00:35,173,a0:18:28:33:34:f8,08:66:98:ed:1e:19
2017-12-26 15:00:35,173,a0:18:28:33:34:f8,08:66:98:ed:1e:19
2017-12-26 15:00:35,173,a0:18:28:33:34:f8,08:66:98:ed:1e:19
2017-12-26 15:00:35,173,a0:18:28:33:34:f8,08:66:98:ed:1e:19
2017-12-26 15:00:35,173,a0:18:28:33:34:f8,08:66:98:ed:1e:19
2017-12-26 15:00:35,173,a0:18:28:33:34:f8,08:66:98:ed:1e:19
2017-12-26 15:00:35,173,a0:18:28:33:34:f8,08:66:98:ed:1e:19
2017-12-26 15:00:35,173,a0:18:28:33:34:f8,08:66:98:ed:1e:19
2017-12-26 15:00:35,173,a0:18:28:33:34:f8,08:66:98:ed:1e:19
2017-12-26 15:00:35,173,a0:18:28:33:34:f8,08:66:98:ed:1e:19
2017-12-26 15:00:35,173,a0:18:28:33:34:f8,08:66:98:ed:1e:19
2017-12-26 15:00:35,173,a0:18:28:33:34:f8,08:66:98:ed:1e:19
2017-12-26 15:00:35,173,a0:18:28:33:34:f8,08:66:98:ed:1e:19
2017-12-26 15:00:35,173,a0:18:28:33:34:f8,08:66:98:ed:1e:19
2017-12-26 15:00:36,173,a0:18:28:33:34:f8,08:66:98:ed:1e:19
2017-12-26 15:00:36,173,a0:18:28:33:34:f8,08:66:98:ed:1e:19
2017-12-26 15:00:36,173,a0:18:28:33:34:f8,08:66:98:ed:1e:19
2017-12-26 15:00:36,173,a0:18:28:33:34:f8,08:66:98:ed:1e:19
2017-12-26 15:00:36,173,a0:18:28:33:34:f8,08:66:98:ed:1e:19
2017-12-26 15:00:36,173,a0:18:28:33:34:f8,08:66:98:ed:1e:19
2017-12-26 15:00:36,173,a0:18:28:33:34:f8,08:66:98:ed:1e:19
2017-12-26 15:00:36,173,a0:18:28:33:34:f8,08:66:98:ed:1e:19
2017-12-26 15:00:36,173,a0:18:28:33:34:f8,08:66:98:ed:1e:19
2017-12-26 15:00:36,173,a0:18:28:33:34:f8,08:66:98:ed:1e:19
2017-12-26 15:00:36,173,a0:18:28:33:34:f8,08:66:98:ed:1e:19
2017-12-26 15:00:36,173,a0:18:28:33:34:f8,08:66:98:ed:1e:19
2017-12-26 15:00:36,173,a0:18:28:33:34:f8,08:66:98:ed:1e:19
2017-12-26 15:00:36,173,a0:18:28:33:34:f8,08:66:98:ed:1e:19
2017-12-26 15:00:36,173,a0:18:28:33:34:f8,08:66:98:ed:1e:19
2017-12-26 15:00:36,173,a0:18:28:33:34:f8,08:66:98:ed:1e:19
2017-12-26 15:00:36,173,a0:18:28:33:34:f8,08:66:98:ed:1e:19
2017-12-26 15:00:36,173,a0:18:28:33:34:f8,08:66:98:ed:1e:19
2017-12-26 15:00:36,173,a0:18:28:33:34:f8,08:66:98:ed:1e:19
2017-12-26 15:00:36,173,a0:18:28:33:34:f8,08:66:98:ed:1e:19
2017-12-26 15:00:36,173,a0:18:28:33:34:f8,08:66:98:ed:1e:19
2017-12-26 15:00:36,173,a0:18:28:33:34:f8,08:66:98:ed:1e:19
2017-12-26 15:00:36,173,a0:18:28:33:34:f8,08:66:98:ed:1e:19
2017-12-26 15:04:02,173,a0:18:28:33:34:f8,08:66:98:ed:1e:19
2017-12-26 15:04:02,173,a0:18:28:33:34:f8,08:66:98:ed:1e:19
2017-12-26 15:04:02,173,a0:18:28:33:34:f8,08:66:98:ed:1e:19
2017-12-26 15:04:02,173,a0:18:28:33:34:f8,08:66:98:ed:1e:19
2017-12-26 15:04:02,173,a0:18:28:33:34:f8,08:66:98:ed:1e:19
2017-12-26 15:04:02,173,a0:18:28:33:34:f8,08:66:98:ed:1e:19
2017-12-26 15:04:02,173,a0:18:28:33:34:f8,08:66:98:ed:1e:19
2017-12-26 15:04:02,173,a0:18:28:33:34:f8,08:66:98:ed:1e:19
2017-12-26 15:04:02,173,a0:18:28:33:34:f8,08:66:98:ed:1e:19
2017-12-26 15:04:02,173,a0:18:28:33:34:f8,08:66:98:ed:1e:19
2017-12-26 15:04:02,173,a0:18:28:33:34:f8,08:66:98:ed:1e:19
2017-12-26 15:04:02,173,a0:18:28:33:34:f8,08:66:98:ed:1e:19
2017-12-26 15:04:02,173,a0:18:28:33:34:f8,08:66:98:ed:1e:19
2017-12-26 15:04:02,173,a0:18:28:33:34:f8,08:66:98:ed:1e:19
2017-12-26 15:04:02,173,a0:18:28:33:34:f8,08:66:98:ed:1e:19
2017-12-26 15:04:02,173,a0:18:28:33:34:f8,08:66:98:ed:1e:19
2017-12-26 15:04:02,173,a0:18:28:33:34:f8,08:66:98:ed:1e:19
2017-12-26 15:04:02,173,a0:18:28:33:34:f8,08:66:98:ed:1e:19
2017-12-26 15:04:02,173,a0:18:28:33:34:f8,08:66:98:ed:1e:19
2017-12-26 15:04:02,173,a0:18:28:33:34:f8,08:66:98:ed:1e:19
2017-12-26 15:04:02,173,a0:18:28:33:34:f8,08:66:98:ed:1e:19
2017-12-26 15:04:02,173,a0:18:28:33:34:f8,08:66:98:ed:1e:19
2017-12-26 15:04:02,173,a0:18:28:33:34:f8,08:66:98:ed:1e:19
2017-12-26 15:04:02,173,a0:18:28:33:34:f8,08:66:98:ed:1e:19
2017-12-26 15:04:02,173,a0:18:28:33:34:f8,08:66:98:ed:1e:19
2017-12-26 15:04:02,173,a0:18:28:33:34:f8,08:66:98:ed:1e:19
2017-12-26 15:04:02,173,a0:18:28:33:34:f8,08:66:98:ed:1e:19
2017-12-26 15:04:02,173,a0:18:28:33:34:f8,08:66:98:ed:1e:19
2017-12-26 15:04:02,173,a0:18:28:33:34:f8,08:66:98:ed:1e:19
2017-12-26 15:04:02,173,a0:18:28:33:34:f8,08:66:98:ed:1e:19
2017-12-26 15:04:02,173,a0:18:28:33:34:f8,08:66:98:ed:1e:19
2017-12-26 15:04:02,173,a0:18:28:33:34:f8,08:66:98:ed:1e:19
2017-12-26 15:04:03,173,a0:18:28:33:34:f8,08:66:98:ed:1e:19
2017-12-26 15:04:03,173,a0:18:28:33:34:f8,08:66:98:ed:1e:19
2017-12-26 15:04:03,173,a0:18:28:33:34:f8,08:66:98:ed:1e:19
2017-12-26 15:04:03,173,a0:18:28:33:34:f8,08:66:98:ed:1e:19
2017-12-26 15:04:03,173,a0:18:28:33:34:f8,08:66:98:ed:1e:19
2017-12-26 15:04:03,173,a0:18:28:33:34:f8,08:66:98:ed:1e:19
2017-12-26 15:04:03,173,a0:18:28:33:34:f8,08:66:98:ed:1e:19
2017-12-26 15:04:03,173,a0:18:28:33:34:f8,08:66:98:ed:1e:19
2017-12-26 15:04:03,173,a0:18:28:33:34:f8,08:66:98:ed:1e:19
2017-12-26 15:04:03,173,a0:18:28:33:34:f8,08:66:98:ed:1e:19
2017-12-26 15:04:03,173,a0:18:28:33:34:f8,08:66:98:ed:1e:19
2017-12-26 15:04:03,173,a0:18:28:33:34:f8,08:66:98:ed:1e:19
2017-12-26 15:04:03,173,a0:18:28:33:34:f8,08:66:98:ed:1e:19
2017-12-26 15:04:03,173,a0:18:28:33:34:f8,08:66:98:ed:1e:19
2017-12-26 15:04:03,173,a0:18:28:33:34:f8,08:66:98:ed:1e:19
2017-12-26 15:04:03,173,a0:18:28:33:34:f8,08:66:98:ed:1e:19
2017-12-26 15:08:00,173,a0:18:28:33:34:f8,08:66:98:ed:1e:19
2017-12-26 15:08:00,173,a0:18:28:33:34:f8,08:66:98:ed:1e:19
2017-12-26 15:08:00,173,a0:18:28:33:34:f8,08:66:98:ed:1e:19
2017-12-26 15:08:00,173,a0:18:28:33:34:f8,08:66:98:ed:1e:19
2017-12-26 15:08:00,173,a0:18:28:33:34:f8,08:66:98:ed:1e:19
2017-12-26 15:08:00,173,a0:18:28:33:34:f8,08:66:98:ed:1e:19
2017-12-26 15:08:00,173,a0:18:28:33:34:f8,08:66:98:ed:1e:19
2017-12-26 15:08:00,173,a0:18:28:33:34:f8,08:66:98:ed:1e:19
2017-12-26 15:08:00,173,a0:18:28:33:34:f8,08:66:98:ed:1e:19
2017-12-26 15:08:00,173,a0:18:28:33:34:f8,08:66:98:ed:1e:19
2017-12-26 15:08:00,173,a0:18:28:33:34:f8,08:66:98:ed:1e:19
2017-12-26 15:08:00,173,a0:18:28:33:34:f8,08:66:98:ed:1e:19
2017-12-26 15:08:00,173,a0:18:28:33:34:f8,08:66:98:ed:1e:19
2017-12-26 15:08:00,173,a0:18:28:33:34:f8,08:66:98:ed:1e:19
2017-12-26 15:08:00,173,a0:18:28:33:34:f8,08:66:98:ed:1e:19
2017-12-26 15:08:00,173,a0:18:28:33:34:f8,08:66:98:ed:1e:19
2017-12-26 15:08:00,173,a0:18:28:33:34:f8,08:66:98:ed:1e:19
2017-12-26 15:08:00,173,a0:18:28:33:34:f8,08:66:98:ed:1e:19
2017-12-26 15:08:01,173,a0:18:28:33:34:f8,08:66:98:ed:1e:19
2017-12-26 15:08:01,173,a0:18:28:33:34:f8,08:66:98:ed:1e:19
2017-12-26 15:08:02,173,a0:18:28:33:34:f8,08:66:98:ed:1e:19
2017-12-26 15:08:02,173,a0:18:28:33:34:f8,08:66:98:ed:1e:19
2017-12-26 15:08:02,173,a0:18:28:33:34:f8,08:66:98:ed:1e:19
2017-12-26 15:11:59,173,a0:18:28:33:34:f8,08:66:98:ed:1e:19
2017-12-26 15:11:59,173,a0:18:28:33:34:f8,08:66:98:ed:1e:19
2017-12-26 15:11:59,173,a0:18:28:33:34:f8,08:66:98:ed:1e:19
2017-12-26 15:11:59,173,a0:18:28:33:34:f8,08:66:98:ed:1e:19
2017-12-26 15:11:59,173,a0:18:28:33:34:f8,08:66:98:ed:1e:19
2017-12-26 15:12:00,173,a0:18:28:33:34:f8,08:66:98:ed:1e:19
2017-12-26 15:12:00,173,a0:18:28:33:34:f8,08:66:98:ed:1e:19
2017-12-26 15:12:00,173,a0:18:28:33:34:f8,08:66:98:ed:1e:19
2017-12-26 15:12:00,173,a0:18:28:33:34:f8,08:66:98:ed:1e:19
2017-12-26 15:12:00,173,a0:18:28:33:34:f8,08:66:98:ed:1e:19
2017-12-26 15:12:00,173,a0:18:28:33:34:f8,08:66:98:ed:1e:19
2017-12-26 15:12:00,173,a0:18:28:33:34:f8,08:66:98:ed:1e:19
2017-12-26 15:12:00,173,a0:18:28:33:34:f8,08:66:98:ed:1e:19
2017-12-26 15:12:00,173,a0:18:28:33:34:f8,08:66:98:ed:1e:19
2017-12-26 15:12:00,173,a0:18:28:33:34:f8,08:66:98:ed:1e:19
2017-12-26 15:12:00,173,a0:18:28:33:34:f8,08:66:98:ed:1e:19
2017-12-26 15:12:00,173,a0:18:28:33:34:f8,08:66:98:ed:1e:19
2017-12-26 15:12:00,173,a0:18:28:33:34:f8,08:66:98:ed:1e:19
2017-12-26 15:12:00,173,a0:18:28:33:34:f8,08:66:98:ed:1e:19
2017-12-26 15:12:00,173,a0:18:28:33:34:f8,08:66:98:ed:1e:19
2017-12-26 15:12:00,173,a0:18:28:33:34:f8,08:66:98:ed:1e:19
2017-12-26 15:12:00,173,a0:18:28:33:34:f8,08:66:98:ed:1e:19
2017-12-26 15:12:00,173,a0:18:28:33:34:f8,08:66:98:ed:1e:19
2017-12-26 15:12:00,173,a0:18:28:33:34:f8,08:66:98:ed:1e:19
2017-12-26 15:12:00,173,a0:18:28:33:34:f8,08:66:98:ed:1e:19
2017-12-26 15:12:00,173,a0:18:28:33:34:f8,08:66:98:ed:1e:19
2017-12-26 15:12:00,173,a0:18:28:33:34:f8,08:66:98:ed:1e:19
2017-12-26 15:12:00,173,a0:18:28:33:34:f8,08:66:98:ed:1e:19
2017-12-26 15:12:00,173,a0:18:28:33:34:f8,08:66:98:ed:1e:19
2017-12-26 15:12:00,173,a0:18:28:33:34:f8,08:66:98:ed:1e:19
2017-12-26 15:12:00,173,a0:18:28:33:34:f8,08:66:98:ed:1e:19
2017-12-26 15:12:00,173,a0:18:28:33:34:f8,08:66:98:ed:1e:19
2017-12-26 15:12:00,173,a0:18:28:33:34:f8,08:66:98:ed:1e:19
2017-12-26 15:12:00,173,a0:18:28:33:34:f8,08:66:98:ed:1e:19
2017-12-26 15:12:00,173,a0:18:28:33:34:f8,08:66:98:ed:1e:19
2017-12-26 15:12:00,173,a0:18:28:33:34:f8,08:66:98:ed:1e:19
2017-12-26 15:12:00,173,a0:18:28:33:34:f8,08:66:98:ed:1e:19
2017-12-26 15:15:43,173,a0:18:28:33:34:f8,08:66:98:ed:1e:19
2017-12-26 15:15:43,173,a0:18:28:33:34:f8,08:66:98:ed:1e:19
2017-12-26 15:15:43,173,a0:18:28:33:34:f8,08:66:98:ed:1e:19
2017-12-26 15:15:43,173,a0:18:28:33:34:f8,08:66:98:ed:1e:19
2017-12-26 15:15:43,173,a0:18:28:33:34:f8,08:66:98:ed:1e:19
2017-12-26 15:15:43,173,a0:18:28:33:34:f8,08:66:98:ed:1e:19
2017-12-26 15:15:43,173,a0:18:28:33:34:f8,08:66:98:ed:1e:19
2017-12-26 15:15:43,173,a0:18:28:33:34:f8,08:66:98:ed:1e:19
2017-12-26 15:15:43,173,a0:18:28:33:34:f8,08:66:98:ed:1e:19
2017-12-26 15:15:43,173,a0:18:28:33:34:f8,08:66:98:ed:1e:19
2017-12-26 15:15:43,173,a0:18:28:33:34:f8,08:66:98:ed:1e:19
2017-12-26 15:15:43,173,a0:18:28:33:34:f8,08:66:98:ed:1e:19
2017-12-26 15:15:43,173,a0:18:28:33:34:f8,08:66:98:ed:1e:19
2017-12-26 15:15:44,173,a0:18:28:33:34:f8,08:66:98:ed:1e:19
2017-12-26 15:15:44,173,a0:18:28:33:34:f8,08:66:98:ed:1e:19
2017-12-26 15:15:44,173,a0:18:28:33:34:f8,08:66:98:ed:1e:19
2017-12-26 15:15:44,173,a0:18:28:33:34:f8,08:66:98:ed:1e:19
2017-12-26 15:15:44,173,a0:18:28:33:34:f8,08:66:98:ed:1e:19
2017-12-26 15:15:44,173,a0:18:28:33:34:f8,08:66:98:ed:1e:19
2017-12-26 15:15:44,173,a0:18:28:33:34:f8,08:66:98:ed:1e:19
2017-12-26 15:15:44,173,a0:18:28:33:34:f8,08:66:98:ed:1e:19
2017-12-26 15:15:44,173,a0:18:28:33:34:f8,08:66:98:ed:1e:19
2017-12-26 15:15:44,173,a0:18:28:33:34:f8,08:66:98:ed:1e:19
2017-12-26 15:15:44,173,a0:18:28:33:34:f8,08:66:98:ed:1e:19
2017-12-26 15:15:44,173,a0:18:28:33:34:f8,08:66:98:ed:1e:19
2017-12-26 15:15:44,173,a0:18:28:33:34:f8,08:66:98:ed:1e:19
2017-12-26 15:19:50,173,a0:18:28:33:34:f8,08:66:98:ed:1e:19
2017-12-26 15:19:50,173,a0:18:28:33:34:f8,08:66:98:ed:1e:19
2017-12-26 15:19:50,173,a0:18:28:33:34:f8,08:66:98:ed:1e:19
2017-12-26 15:19:50,173,a0:18:28:33:34:f8,08:66:98:ed:1e:19
2017-12-26 15:19:50,173,a0:18:28:33:34:f8,08:66:98:ed:1e:19
2017-12-26 15:19:50,173,a0:18:28:33:34:f8,08:66:98:ed:1e:19
2017-12-26 15:19:50,173,a0:18:28:33:34:f8,08:66:98:ed:1e:19
2017-12-26 15:19:50,173,a0:18:28:33:34:f8,08:66:98:ed:1e:19
2017-12-26 15:19:50,173,a0:18:28:33:34:f8,08:66:98:ed:1e:19
2017-12-26 15:19:50,173,a0:18:28:33:34:f8,08:66:98:ed:1e:19
2017-12-26 15:19:50,173,a0:18:28:33:34:f8,08:66:98:ed:1e:19
2017-12-26 15:19:50,173,a0:18:28:33:34:f8,08:66:98:ed:1e:19
2017-12-26 15:19:50,173,a0:18:28:33:34:f8,08:66:98:ed:1e:19
2017-12-26 15:19:50,173,a0:18:28:33:34:f8,08:66:98:ed:1e:19
2017-12-26 15:19:50,173,a0:18:28:33:34:f8,08:66:98:ed:1e:19
2017-12-26 15:19:50,173,a0:18:28:33:34:f8,08:66:98:ed:1e:19
2017-12-26 15:19:50,173,a0:18:28:33:34:f8,08:66:98:ed:1e:19
2017-12-26 15:19:50,173,a0:18:28:33:34:f8,08:66:98:ed:1e:19
2017-12-26 15:19:50,173,a0:18:28:33:34:f8,08:66:98:ed:1e:19
2017-12-26 15:19:50,173,a0:18:28:33:34:f8,08:66:98:ed:1e:19
2017-12-26 15:19:50,173,a0:18:28:33:34:f8,08:66:98:ed:1e:19
2017-12-26 15:19:51,173,a0:18:28:33:34:f8,08:66:98:ed:1e:19
2017-12-26 15:19:51,173,a0:18:28:33:34:f8,08:66:98:ed:1e:19
2017-12-26 15:19:51,173,a0:18:28:33:34:f8,08:66:98:ed:1e:19
2017-12-26 15:19:51,173,a0:18:28:33:34:f8,08:66:98:ed:1e:19
2017-12-26 15:19:51,173,a0:18:28:33:34:f8,08:66:98:ed:1e:19
2017-12-26 15:19:51,173,a0:18:28:33:34:f8,08:66:98:ed:1e:19
2017-12-26 15:19:51,173,a0:18:28:33:34:f8,08:66:98:ed:1e:19
2017-12-26 15:19:51,173,a0:18:28:33:34:f8,08:66:98:ed:1e:19
2017-12-26 15:19:51,173,a0:18:28:33:34:f8,08:66:98:ed:1e:19
2017-12-26 15:19:51,173,a0:18:28:33:34:f8,08:66:98:ed:1e:19
2017-12-26 15:19:51,173,a0:18:28:33:34:f8,08:66:98:ed:1e:19
2017-12-26 15:19:51,173,a0:18:28:33:34:f8,08:66:98:ed:1e:19
2017-12-26 15:19:51,173,a0:18:28:33:34:f8,08:66:98:ed:1e:19
2017-12-26 15:19:51,173,a0:18:28:33:34:f8,08:66:98:ed:1e:19
2017-12-26 15:19:51,173,a0:18:28:33:34:f8,08:66:98:ed:1e:19
2017-12-26 15:19:51,173,a0:18:28:33:34:f8,08:66:98:ed:1e:19
2017-12-26 15:19:51,173,a0:18:28:33:34:f8,08:66:98:ed:1e:19
2017-12-26 15:19:52,173,a0:18:28:33:34:f8,08:66:98:ed:1e:19
2017-12-26 15:19:52,173,a0:18:28:33:34:f8,08:66:98:ed:1e:19
2017-12-26 15:19:52,173,a0:18:28:33:34:f8,08:66:98:ed:1e:19
2017-12-26 15:19:52,173,a0:18:28:33:34:f8,08:66:98:ed:1e:19
2017-12-26 15:19:52,173,a0:18:28:33:34:f8,08:66:98:ed:1e:19
2017-12-26 15:19:52,173,a0:18:28:33:34:f8,08:66:98:ed:1e:19
2017-12-26 15:23:36,173,a0:18:28:33:34:f8,08:66:98:ed:1e:19
2017-12-26 15:23:36,173,a0:18:28:33:34:f8,08:66:98:ed:1e:19
2017-12-26 15:23:36,173,a0:18:28:33:34:f8,08:66:98:ed:1e:19
2017-12-26 15:23:36,173,a0:18:28:33:34:f8,08:66:98:ed:1e:19
2017-12-26 15:23:36,173,a0:18:28:33:34:f8,08:66:98:ed:1e:19
2017-12-26 15:23:36,173,a0:18:28:33:34:f8,08:66:98:ed:1e:19
2017-12-26 15:23:36,173,a0:18:28:33:34:f8,08:66:98:ed:1e:19
2017-12-26 15:23:36,173,a0:18:28:33:34:f8,08:66:98:ed:1e:19
2017-12-26 15:23:36,173,a0:18:28:33:34:f8,08:66:98:ed:1e:19
2017-12-26 15:23:36,173,a0:18:28:33:34:f8,08:66:98:ed:1e:19
2017-12-26 15:23:36,173,a0:18:28:33:34:f8,08:66:98:ed:1e:19
2017-12-26 15:23:36,173,a0:18:28:33:34:f8,08:66:98:ed:1e:19
2017-12-26 15:23:36,173,a0:18:28:33:34:f8,08:66:98:ed:1e:19
2017-12-26 15:23:36,173,a0:18:28:33:34:f8,08:66:98:ed:1e:19
2017-12-26 15:23:36,173,a0:18:28:33:34:f8,08:66:98:ed:1e:19
2017-12-26 15:23:36,173,a0:18:28:33:34:f8,08:66:98:ed:1e:19
2017-12-26 15:23:36,173,a0:18:28:33:34:f8,08:66:98:ed:1e:19
2017-12-26 15:23:36,173,a0:18:28:33:34:f8,08:66:98:ed:1e:19
2017-12-26 15:23:36,173,a0:18:28:33:34:f8,08:66:98:ed:1e:19
2017-12-26 15:23:36,173,a0:18:28:33:34:f8,08:66:98:ed:1e:19
2017-12-26 15:23:36,173,a0:18:28:33:34:f8,08:66:98:ed:1e:19
2017-12-26 15:23:36,173,a0:18:28:33:34:f8,08:66:98:ed:1e:19
2017-12-26 15:23:36,173,a0:18:28:33:34:f8,08:66:98:ed:1e:19
2017-12-26 15:23:36,173,a0:18:28:33:34:f8,08:66:98:ed:1e:19
2017-12-26 15:23:36,173,a0:18:28:33:34:f8,08:66:98:ed:1e:19
2017-12-26 15:23:36,173,a0:18:28:33:34:f8,08:66:98:ed:1e:19
2017-12-26 15:23:36,173,a0:18:28:33:34:f8,08:66:98:ed:1e:19
2017-12-26 15:23:36,173,a0:18:28:33:34:f8,08:66:98:ed:1e:19
2017-12-26 15:23:36,173,a0:18:28:33:34:f8,08:66:98:ed:1e:19
2017-12-26 15:23:36,173,a0:18:28:33:34:f8,08:66:98:ed:1e:19
2017-12-26 15:23:36,173,a0:18:28:33:34:f8,08:66:98:ed:1e:19
2017-12-26 15:23:36,173,a0:18:28:33:34:f8,08:66:98:ed:1e:19
2017-12-26 15:23:36,173,a0:18:28:33:34:f8,08:66:98:ed:1e:19
2017-12-26 15:23:36,173,a0:18:28:33:34:f8,08:66:98:ed:1e:19
2017-12-26 15:23:36,173,a0:18:28:33:34:f8,08:66:98:ed:1e:19
2017-12-26 15:23:36,173,a0:18:28:33:34:f8,08:66:98:ed:1e:19
2017-12-26 15:23:36,173,a0:18:28:33:34:f8,08:66:98:ed:1e:19
2017-12-26 15:23:36,173,a0:18:28:33:34:f8,08:66:98:ed:1e:19
2017-12-26 15:23:36,173,a0:18:28:33:34:f8,08:66:98:ed:1e:19
2017-12-26 15:23:37,173,a0:18:28:33:34:f8,08:66:98:ed:1e:19
2017-12-26 15:23:37,173,a0:18:28:33:34:f8,08:66:98:ed:1e:19
2017-12-26 15:23:37,173,a0:18:28:33:34:f8,08:66:98:ed:1e:19
2017-12-26 15:23:37,173,a0:18:28:33:34:f8,08:66:98:ed:1e:19
2017-12-26 15:23:37,173,a0:18:28:33:34:f8,08:66:98:ed:1e:19
2017-12-26 15:23:37,173,a0:18:28:33:34:f8,08:66:98:ed:1e:19
2017-12-26 15:27:45,173,a0:18:28:33:34:f8,08:66:98:ed:1e:19
2017-12-26 15:27:45,173,a0:18:28:33:34:f8,08:66:98:ed:1e:19
2017-12-26 15:27:45,173,a0:18:28:33:34:f8,08:66:98:ed:1e:19
2017-12-26 15:27:45,173,a0:18:28:33:34:f8,08:66:98:ed:1e:19
2017-12-26 15:27:45,173,a0:18:28:33:34:f8,08:66:98:ed:1e:19
2017-12-26 15:27:45,173,a0:18:28:33:34:f8,08:66:98:ed:1e:19
2017-12-26 15:27:46,173,a0:18:28:33:34:f8,08:66:98:ed:1e:19
2017-12-26 15:27:46,173,a0:18:28:33:34:f8,08:66:98:ed:1e:19
2017-12-26 15:27:46,173,a0:18:28:33:34:f8,08:66:98:ed:1e:19
2017-12-26 15:27:46,173,a0:18:28:33:34:f8,08:66:98:ed:1e:19
2017-12-26 15:27:46,173,a0:18:28:33:34:f8,08:66:98:ed:1e:19
2017-12-26 15:27:46,173,a0:18:28:33:34:f8,08:66:98:ed:1e:19
2017-12-26 15:27:46,173,a0:18:28:33:34:f8,08:66:98:ed:1e:19
2017-12-26 15:27:46,173,a0:18:28:33:34:f8,08:66:98:ed:1e:19
2017-12-26 15:27:46,173,a0:18:28:33:34:f8,08:66:98:ed:1e:19
2017-12-26 15:27:46,173,a0:18:28:33:34:f8,08:66:98:ed:1e:19
2017-12-26 15:27:46,173,a0:18:28:33:34:f8,08:66:98:ed:1e:19
2017-12-26 15:27:46,173,a0:18:28:33:34:f8,08:66:98:ed:1e:19
2017-12-26 15:27:46,173,a0:18:28:33:34:f8,08:66:98:ed:1e:19
2017-12-26 15:27:46,173,a0:18:28:33:34:f8,08:66:98:ed:1e:19
2017-12-26 15:27:46,173,a0:18:28:33:34:f8,08:66:98:ed:1e:19
2017-12-26 15:27:46,173,a0:18:28:33:34:f8,08:66:98:ed:1e:19
2017-12-26 15:27:46,173,a0:18:28:33:34:f8,08:66:98:ed:1e:19
2017-12-26 15:27:46,173,a0:18:28:33:34:f8,08:66:98:ed:1e:19
2017-12-26 15:27:46,173,a0:18:28:33:34:f8,08:66:98:ed:1e:19
2017-12-26 15:27:46,173,a0:18:28:33:34:f8,08:66:98:ed:1e:19
2017-12-26 15:27:46,173,a0:18:28:33:34:f8,08:66:98:ed:1e:19
2017-12-26 15:27:46,173,a0:18:28:33:34:f8,08:66:98:ed:1e:19
2017-12-26 15:27:46,173,a0:18:28:33:34:f8,08:66:98:ed:1e:19
2017-12-26 15:27:46,173,a0:18:28:33:34:f8,08:66:98:ed:1e:19
2017-12-26 15:31:53,173,a0:18:28:33:34:f8,08:66:98:ed:1e:19
2017-12-26 15:31:53,173,a0:18:28:33:34:f8,08:66:98:ed:1e:19
2017-12-26 15:31:53,173,a0:18:28:33:34:f8,08:66:98:ed:1e:19
2017-12-26 15:31:53,173,a0:18:28:33:34:f8,08:66:98:ed:1e:19
2017-12-26 15:31:53,173,a0:18:28:33:34:f8,08:66:98:ed:1e:19
2017-12-26 15:31:53,173,a0:18:28:33:34:f8,08:66:98:ed:1e:19
2017-12-26 15:31:54,173,a0:18:28:33:34:f8,08:66:98:ed:1e:19
2017-12-26 15:31:54,173,a0:18:28:33:34:f8,08:66:98:ed:1e:19
2017-12-26 15:31:54,173,a0:18:28:33:34:f8,08:66:98:ed:1e:19
2017-12-26 15:31:54,173,a0:18:28:33:34:f8,08:66:98:ed:1e:19
2017-12-26 15:31:54,173,a0:18:28:33:34:f8,08:66:98:ed:1e:19
2017-12-26 15:31:54,173,a0:18:28:33:34:f8,08:66:98:ed:1e:19
2017-12-26 15:31:54,173,a0:18:28:33:34:f8,08:66:98:ed:1e:19
2017-12-26 15:31:54,173,a0:18:28:33:34:f8,08:66:98:ed:1e:19
2017-12-26 15:31:54,173,a0:18:28:33:34:f8,08:66:98:ed:1e:19
2017-12-26 15:31:54,173,a0:18:28:33:34:f8,08:66:98:ed:1e:19
2017-12-26 15:31:54,173,a0:18:28:33:34:f8,08:66:98:ed:1e:19
2017-12-26 15:31:54,173,a0:18:28:33:34:f8,08:66:98:ed:1e:19
2017-12-26 15:31:54,173,a0:18:28:33:34:f8,08:66:98:ed:1e:19
2017-12-26 15:31:54,173,a0:18:28:33:34:f8,08:66:98:ed:1e:19
2017-12-26 15:31:54,173,a0:18:28:33:34:f8,08:66:98:ed:1e:19
2017-12-26 15:31:54,173,a0:18:28:33:34:f8,08:66:98:ed:1e:19
2017-12-26 15:31:54,173,a0:18:28:33:34:f8,08:66:98:ed:1e:19
2017-12-26 15:31:54,173,a0:18:28:33:34:f8,08:66:98:ed:1e:19
2017-12-26 15:31:54,173,a0:18:28:33:34:f8,08:66:98:ed:1e:19
2017-12-26 15:31:54,173,a0:18:28:33:34:f8,08:66:98:ed:1e:19
2017-12-26 15:31:54,173,a0:18:28:33:34:f8,08:66:98:ed:1e:19
2017-12-26 15:31:54,173,a0:18:28:33:34:f8,08:66:98:ed:1e:19
2017-12-26 15:31:54,173,a0:18:28:33:34:f8,08:66:98:ed:1e:19
2017-12-26 15:36:14,173,a0:18:28:33:34:f8,08:66:98:ed:1e:19
2017-12-26 15:36:14,173,a0:18:28:33:34:f8,08:66:98:ed:1e:19
2017-12-26 15:36:14,173,a0:18:28:33:34:f8,08:66:98:ed:1e:19
2017-12-26 15:36:14,173,a0:18:28:33:34:f8,08:66:98:ed:1e:19
2017-12-26 15:36:14,173,a0:18:28:33:34:f8,08:66:98:ed:1e:19
2017-12-26 15:36:14,173,a0:18:28:33:34:f8,08:66:98:ed:1e:19
2017-12-26 15:36:14,173,a0:18:28:33:34:f8,08:66:98:ed:1e:19
2017-12-26 15:36:14,173,a0:18:28:33:34:f8,08:66:98:ed:1e:19
2017-12-26 15:36:14,173,a0:18:28:33:34:f8,08:66:98:ed:1e:19
2017-12-26 15:36:14,173,a0:18:28:33:34:f8,08:66:98:ed:1e:19
2017-12-26 15:36:14,173,a0:18:28:33:34:f8,08:66:98:ed:1e:19
2017-12-26 15:36:15,173,a0:18:28:33:34:f8,08:66:98:ed:1e:19
2017-12-26 15:36:15,173,a0:18:28:33:34:f8,08:66:98:ed:1e:19
2017-12-26 15:36:15,173,a0:18:28:33:34:f8,08:66:98:ed:1e:19
2017-12-26 15:36:15,173,a0:18:28:33:34:f8,08:66:98:ed:1e:19
2017-12-26 15:36:15,173,a0:18:28:33:34:f8,08:66:98:ed:1e:19
2017-12-26 15:36:15,173,a0:18:28:33:34:f8,08:66:98:ed:1e:19
2017-12-26 15:36:15,173,a0:18:28:33:34:f8,08:66:98:ed:1e:19
2017-12-26 15:36:15,173,a0:18:28:33:34:f8,08:66:98:ed:1e:19
2017-12-26 15:36:15,173,a0:18:28:33:34:f8,08:66:98:ed:1e:19
2017-12-26 15:36:15,173,a0:18:28:33:34:f8,08:66:98:ed:1e:19
2017-12-26 15:36:15,173,a0:18:28:33:34:f8,08:66:98:ed:1e:19
2017-12-26 15:36:15,173,a0:18:28:33:34:f8,08:66:98:ed:1e:19
2017-12-26 15:40:15,173,a0:18:28:33:34:f8,08:66:98:ed:1e:19
2017-12-26 15:40:15,173,a0:18:28:33:34:f8,08:66:98:ed:1e:19
2017-12-26 15:40:15,173,a0:18:28:33:34:f8,08:66:98:ed:1e:19
2017-12-26 15:40:15,173,a0:18:28:33:34:f8,08:66:98:ed:1e:19
2017-12-26 15:40:15,173,a0:18:28:33:34:f8,08:66:98:ed:1e:19
2017-12-26 15:40:15,173,a0:18:28:33:34:f8,08:66:98:ed:1e:19
2017-12-26 15:40:15,173,a0:18:28:33:34:f8,08:66:98:ed:1e:19
2017-12-26 15:40:15,173,a0:18:28:33:34:f8,08:66:98:ed:1e:19
2017-12-26 15:40:15,173,a0:18:28:33:34:f8,08:66:98:ed:1e:19
2017-12-26 15:40:15,173,a0:18:28:33:34:f8,08:66:98:ed:1e:19
2017-12-26 15:40:15,173,a0:18:28:33:34:f8,08:66:98:ed:1e:19
2017-12-26 15:40:15,173,a0:18:28:33:34:f8,08:66:98:ed:1e:19
2017-12-26 15:40:15,173,a0:18:28:33:34:f8,08:66:98:ed:1e:19
2017-12-26 15:40:15,173,a0:18:28:33:34:f8,08:66:98:ed:1e:19
2017-12-26 15:40:15,173,a0:18:28:33:34:f8,08:66:98:ed:1e:19
2017-12-26 15:40:15,173,a0:18:28:33:34:f8,08:66:98:ed:1e:19
2017-12-26 15:40:15,173,a0:18:28:33:34:f8,08:66:98:ed:1e:19
2017-12-26 15:40:15,173,a0:18:28:33:34:f8,08:66:98:ed:1e:19
2017-12-26 15:40:16,173,a0:18:28:33:34:f8,08:66:98:ed:1e:19
2017-12-26 15:40:16,173,a0:18:28:33:34:f8,08:66:98:ed:1e:19
2017-12-26 15:40:16,173,a0:18:28:33:34:f8,08:66:98:ed:1e:19
2017-12-26 15:40:16,173,a0:18:28:33:34:f8,08:66:98:ed:1e:19
2017-12-26 15:40:16,173,a0:18:28:33:34:f8,08:66:98:ed:1e:19
2017-12-26 15:40:16,173,a0:18:28:33:34:f8,08:66:98:ed:1e:19
2017-12-26 15:40:16,173,a0:18:28:33:34:f8,08:66:98:ed:1e:19
2017-12-26 15:40:16,173,a0:18:28:33:34:f8,08:66:98:ed:1e:19
2017-12-26 15:40:16,173,a0:18:28:33:34:f8,08:66:98:ed:1e:19
2017-12-26 15:40:16,173,a0:18:28:33:34:f8,08:66:98:ed:1e:19
2017-12-26 15:40:16,173,a0:18:28:33:34:f8,08:66:98:ed:1e:19
2017-12-26 15:40:16,173,a0:18:28:33:34:f8,08:66:98:ed:1e:19
2017-12-26 15:40:16,173,a0:18:28:33:34:f8,08:66:98:ed:1e:19
2017-12-26 15:40:16,173,a0:18:28:33:34:f8,08:66:98:ed:1e:19
2017-12-26 15:40:16,173,a0:18:28:33:34:f8,08:66:98:ed:1e:19
2017-12-26 15:40:16,173,a0:18:28:33:34:f8,08:66:98:ed:1e:19
2017-12-26 15:40:16,173,a0:18:28:33:34:f8,08:66:98:ed:1e:19
2017-12-26 15:40:16,173,a0:18:28:33:34:f8,08:66:98:ed:1e:19
2017-12-26 15:43:43,173,a0:18:28:33:34:f8,08:66:98:ed:1e:19
2017-12-26 15:43:43,173,a0:18:28:33:34:f8,08:66:98:ed:1e:19
2017-12-26 15:43:43,173,a0:18:28:33:34:f8,08:66:98:ed:1e:19
2017-12-26 15:43:43,173,a0:18:28:33:34:f8,08:66:98:ed:1e:19
2017-12-26 15:43:43,173,a0:18:28:33:34:f8,08:66:98:ed:1e:19
2017-12-26 15:43:44,173,a0:18:28:33:34:f8,08:66:98:ed:1e:19
2017-12-26 15:43:44,173,a0:18:28:33:34:f8,08:66:98:ed:1e:19
2017-12-26 15:43:44,173,a0:18:28:33:34:f8,08:66:98:ed:1e:19
2017-12-26 15:43:44,173,a0:18:28:33:34:f8,08:66:98:ed:1e:19
2017-12-26 15:43:44,173,a0:18:28:33:34:f8,08:66:98:ed:1e:19
2017-12-26 15:43:44,173,a0:18:28:33:34:f8,08:66:98:ed:1e:19
2017-12-26 15:43:44,173,a0:18:28:33:34:f8,08:66:98:ed:1e:19
2017-12-26 15:43:44,173,a0:18:28:33:34:f8,08:66:98:ed:1e:19
2017-12-26 15:43:44,173,a0:18:28:33:34:f8,08:66:98:ed:1e:19
2017-12-26 15:43:44,173,a0:18:28:33:34:f8,08:66:98:ed:1e:19
2017-12-26 15:43:44,173,a0:18:28:33:34:f8,08:66:98:ed:1e:19
2017-12-26 15:43:44,173,a0:18:28:33:34:f8,08:66:98:ed:1e:19
2017-12-26 15:43:44,173,a0:18:28:33:34:f8,08:66:98:ed:1e:19
2017-12-26 15:43:44,173,a0:18:28:33:34:f8,08:66:98:ed:1e:19
2017-12-26 15:43:44,173,a0:18:28:33:34:f8,08:66:98:ed:1e:19
2017-12-26 15:43:44,173,a0:18:28:33:34:f8,08:66:98:ed:1e:19
2017-12-26 15:43:44,173,a0:18:28:33:34:f8,08:66:98:ed:1e:19
2017-12-26 15:43:44,173,a0:18:28:33:34:f8,08:66:98:ed:1e:19
2017-12-26 15:43:44,173,a0:18:28:33:34:f8,08:66:98:ed:1e:19
2017-12-26 15:43:44,173,a0:18:28:33:34:f8,08:66:98:ed:1e:19
2017-12-26 15:43:44,173,a0:18:28:33:34:f8,08:66:98:ed:1e:19
2017-12-26 15:43:44,173,a0:18:28:33:34:f8,08:66:98:ed:1e:19
2017-12-26 15:43:44,173,a0:18:28:33:34:f8,08:66:98:ed:1e:19
2017-12-26 15:43:44,173,a0:18:28:33:34:f8,08:66:98:ed:1e:19
2017-12-26 15:43:44,173,a0:18:28:33:34:f8,08:66:98:ed:1e:19
2017-12-26 15:43:44,173,a0:18:28:33:34:f8,08:66:98:ed:1e:19
2017-12-26 15:43:44,173,a0:18:28:33:34:f8,08:66:98:ed:1e:19
2017-12-26 15:43:44,173,a0:18:28:33:34:f8,08:66:98:ed:1e:19
2017-12-26 15:43:44,173,a0:18:28:33:34:f8,08:66:98:ed:1e:19
2017-12-26 15:43:44,173,a0:18:28:33:34:f8,08:66:98:ed:1e:19
2017-12-26 15:43:44,173,a0:18:28:33:34:f8,08:66:98:ed:1e:19
2017-12-26 15:43:44,173,a0:18:28:33:34:f8,08:66:98:ed:1e:19
2017-12-26 15:43:44,173,a0:18:28:33:34:f8,08:66:98:ed:1e:19
2017-12-26 15:43:44,173,a0:18:28:33:34:f8,08:66:98:ed:1e:19
2017-12-26 15:43:44,173,a0:18:28:33:34:f8,08:66:98:ed:1e:19
2017-12-26 15:43:44,173,a0:18:28:33:34:f8,08:66:98:ed:1e:19
2017-12-26 15:43:44,173,a0:18:28:33:34:f8,08:66:98:ed:1e:19
2017-12-26 15:43:44,173,a0:18:28:33:34:f8,08:66:98:ed:1e:19
2017-12-26 15:43:44,173,a0:18:28:33:34:f8,08:66:98:ed:1e:19
2017-12-26 15:43:44,173,a0:18:28:33:34:f8,08:66:98:ed:1e:19
2017-12-26 15:43:45,173,a0:18:28:33:34:f8,08:66:98:ed:1e:19
2017-12-26 15:43:45,173,a0:18:28:33:34:f8,08:66:98:ed:1e:19
2017-12-26 15:43:45,173,a0:18:28:33:34:f8,08:66:98:ed:1e:19
2017-12-26 15:43:45,173,a0:18:28:33:34:f8,08:66:98:ed:1e:19
2017-12-26 15:47:33,173,a0:18:28:33:34:f8,08:66:98:ed:1e:19
2017-12-26 15:47:33,173,a0:18:28:33:34:f8,08:66:98:ed:1e:19
2017-12-26 15:47:33,173,a0:18:28:33:34:f8,08:66:98:ed:1e:19
2017-12-26 15:47:34,173,a0:18:28:33:34:f8,08:66:98:ed:1e:19
2017-12-26 15:47:34,173,a0:18:28:33:34:f8,08:66:98:ed:1e:19
2017-12-26 15:47:34,173,a0:18:28:33:34:f8,08:66:98:ed:1e:19
2017-12-26 15:47:34,173,a0:18:28:33:34:f8,08:66:98:ed:1e:19
2017-12-26 15:47:34,173,a0:18:28:33:34:f8,08:66:98:ed:1e:19
2017-12-26 15:47:35,173,a0:18:28:33:34:f8,08:66:98:ed:1e:19
2017-12-26 15:47:35,173,a0:18:28:33:34:f8,08:66:98:ed:1e:19
2017-12-26 15:47:35,173,a0:18:28:33:34:f8,08:66:98:ed:1e:19
2017-12-26 15:47:35,173,a0:18:28:33:34:f8,08:66:98:ed:1e:19
2017-12-26 15:47:35,173,a0:18:28:33:34:f8,08:66:98:ed:1e:19
2017-12-26 15:47:35,173,a0:18:28:33:34:f8,08:66:98:ed:1e:19
2017-12-26 15:47:35,173,a0:18:28:33:34:f8,08:66:98:ed:1e:19
2017-12-26 15:47:35,173,a0:18:28:33:34:f8,08:66:98:ed:1e:19
2017-12-26 15:47:35,173,a0:18:28:33:34:f8,08:66:98:ed:1e:19
2017-12-26 15:47:35,173,a0:18:28:33:34:f8,08:66:98:ed:1e:19
2017-12-26 15:47:35,173,a0:18:28:33:34:f8,08:66:98:ed:1e:19
2017-12-26 15:47:35,173,a0:18:28:33:34:f8,08:66:98:ed:1e:19
2017-12-26 15:47:35,173,a0:18:28:33:34:f8,08:66:98:ed:1e:19
2017-12-26 15:51:00,173,a0:18:28:33:34:f8,08:66:98:ed:1e:19
2017-12-26 15:51:00,173,a0:18:28:33:34:f8,08:66:98:ed:1e:19
2017-12-26 15:51:00,173,a0:18:28:33:34:f8,08:66:98:ed:1e:19
2017-12-26 15:51:00,173,a0:18:28:33:34:f8,08:66:98:ed:1e:19
2017-12-26 15:51:00,173,a0:18:28:33:34:f8,08:66:98:ed:1e:19
2017-12-26 15:51:00,173,a0:18:28:33:34:f8,08:66:98:ed:1e:19
2017-12-26 15:51:00,173,a0:18:28:33:34:f8,08:66:98:ed:1e:19
2017-12-26 15:51:00,173,a0:18:28:33:34:f8,08:66:98:ed:1e:19
2017-12-26 15:51:00,173,a0:18:28:33:34:f8,08:66:98:ed:1e:19
2017-12-26 15:51:00,173,a0:18:28:33:34:f8,08:66:98:ed:1e:19
2017-12-26 15:51:00,173,a0:18:28:33:34:f8,08:66:98:ed:1e:19
2017-12-26 15:51:00,173,a0:18:28:33:34:f8,08:66:98:ed:1e:19
2017-12-26 15:51:00,173,a0:18:28:33:34:f8,08:66:98:ed:1e:19
2017-12-26 15:51:00,173,a0:18:28:33:34:f8,08:66:98:ed:1e:19
2017-12-26 15:51:00,173,a0:18:28:33:34:f8,08:66:98:ed:1e:19
2017-12-26 15:51:00,173,a0:18:28:33:34:f8,08:66:98:ed:1e:19
2017-12-26 15:51:00,173,a0:18:28:33:34:f8,08:66:98:ed:1e:19
2017-12-26 15:51:00,173,a0:18:28:33:34:f8,08:66:98:ed:1e:19
2017-12-26 15:51:00,173,a0:18:28:33:34:f8,08:66:98:ed:1e:19
2017-12-26 15:51:01,173,a0:18:28:33:34:f8,08:66:98:ed:1e:19
2017-12-26 15:51:01,173,a0:18:28:33:34:f8,08:66:98:ed:1e:19
2017-12-26 15:51:01,173,a0:18:28:33:34:f8,08:66:98:ed:1e:19
2017-12-26 15:51:01,173,a0:18:28:33:34:f8,08:66:98:ed:1e:19
2017-12-26 15:51:01,173,a0:18:28:33:34:f8,08:66:98:ed:1e:19
2017-12-26 15:51:01,173,a0:18:28:33:34:f8,08:66:98:ed:1e:19
2017-12-26 15:51:01,173,a0:18:28:33:34:f8,08:66:98:ed:1e:19
2017-12-26 15:51:01,173,a0:18:28:33:34:f8,08:66:98:ed:1e:19
2017-12-26 15:51:01,173,a0:18:28:33:34:f8,08:66:98:ed:1e:19
2017-12-26 15:51:01,173,a0:18:28:33:34:f8,08:66:98:ed:1e:19
2017-12-26 15:51:01,173,a0:18:28:33:34:f8,08:66:98:ed:1e:19
2017-12-26 15:51:01,173,a0:18:28:33:34:f8,08:66:98:ed:1e:19
2017-12-26 15:51:01,173,a0:18:28:33:34:f8,08:66:98:ed:1e:19
2017-12-26 15:51:01,173,a0:18:28:33:34:f8,08:66:98:ed:1e:19
2017-12-26 15:51:01,173,a0:18:28:33:34:f8,08:66:98:ed:1e:19
2017-12-26 15:51:01,173,a0:18:28:33:34:f8,08:66:98:ed:1e:19
2017-12-26 15:51:01,173,a0:18:28:33:34:f8,08:66:98:ed:1e:19
2017-12-26 15:51:01,173,a0:18:28:33:34:f8,08:66:98:ed:1e:19
2017-12-26 15:51:01,173,a0:18:28:33:34:f8,08:66:98:ed:1e:19
2017-12-26 15:51:01,173,a0:18:28:33:34:f8,08:66:98:ed:1e:19
2017-12-26 15:55:06,173,a0:18:28:33:34:f8,08:66:98:ed:1e:19
2017-12-26 15:55:06,173,a0:18:28:33:34:f8,08:66:98:ed:1e:19
2017-12-26 15:55:06,173,a0:18:28:33:34:f8,08:66:98:ed:1e:19
2017-12-26 15:55:06,173,a0:18:28:33:34:f8,08:66:98:ed:1e:19
2017-12-26 15:55:06,173,a0:18:28:33:34:f8,08:66:98:ed:1e:19
2017-12-26 15:55:06,173,a0:18:28:33:34:f8,08:66:98:ed:1e:19
2017-12-26 15:55:06,173,a0:18:28:33:34:f8,08:66:98:ed:1e:19
2017-12-26 15:55:06,173,a0:18:28:33:34:f8,08:66:98:ed:1e:19
2017-12-26 15:55:06,173,a0:18:28:33:34:f8,08:66:98:ed:1e:19
2017-12-26 15:55:06,173,a0:18:28:33:34:f8,08:66:98:ed:1e:19
2017-12-26 15:55:06,173,a0:18:28:33:34:f8,08:66:98:ed:1e:19
2017-12-26 15:55:06,173,a0:18:28:33:34:f8,08:66:98:ed:1e:19
2017-12-26 15:55:06,173,a0:18:28:33:34:f8,08:66:98:ed:1e:19
2017-12-26 15:55:06,173,a0:18:28:33:34:f8,08:66:98:ed:1e:19
2017-12-26 15:55:06,173,a0:18:28:33:34:f8,08:66:98:ed:1e:19
2017-12-26 15:55:06,173,a0:18:28:33:34:f8,08:66:98:ed:1e:19
2017-12-26 15:55:06,173,a0:18:28:33:34:f8,08:66:98:ed:1e:19
2017-12-26 15:55:06,173,a0:18:28:33:34:f8,08:66:98:ed:1e:19
2017-12-26 15:55:06,173,a0:18:28:33:34:f8,08:66:98:ed:1e:19
2017-12-26 15:55:06,173,a0:18:28:33:34:f8,08:66:98:ed:1e:19
2017-12-26 15:55:06,173,a0:18:28:33:34:f8,08:66:98:ed:1e:19
2017-12-26 15:55:06,173,a0:18:28:33:34:f8,08:66:98:ed:1e:19
2017-12-26 15:55:06,173,a0:18:28:33:34:f8,08:66:98:ed:1e:19
2017-12-26 15:55:06,173,a0:18:28:33:34:f8,08:66:98:ed:1e:19
2017-12-26 15:55:06,173,a0:18:28:33:34:f8,08:66:98:ed:1e:19
2017-12-26 15:55:06,173,a0:18:28:33:34:f8,08:66:98:ed:1e:19
2017-12-26 15:55:06,173,a0:18:28:33:34:f8,08:66:98:ed:1e:19
2017-12-26 15:55:06,173,a0:18:28:33:34:f8,08:66:98:ed:1e:19
2017-12-26 15:55:06,173,a0:18:28:33:34:f8,08:66:98:ed:1e:19
2017-12-26 15:55:06,173,a0:18:28:33:34:f8,08:66:98:ed:1e:19
2017-12-26 15:55:06,173,a0:18:28:33:34:f8,08:66:98:ed:1e:19
2017-12-26 15:55:06,173,a0:18:28:33:34:f8,08:66:98:ed:1e:19
2017-12-26 15:55:06,173,a0:18:28:33:34:f8,08:66:98:ed:1e:19
2017-12-26 15:55:07,173,a0:18:28:33:34:f8,08:66:98:ed:1e:19
2017-12-26 15:55:07,173,a0:18:28:33:34:f8,08:66:98:ed:1e:19
2017-12-26 15:55:07,173,a0:18:28:33:34:f8,08:66:98:ed:1e:19
2017-12-26 15:55:07,173,a0:18:28:33:34:f8,08:66:98:ed:1e:19
2017-12-26 15:55:07,173,a0:18:28:33:34:f8,08:66:98:ed:1e:19
2017-12-26 15:55:07,173,a0:18:28:33:34:f8,08:66:98:ed:1e:19
2017-12-26 15:55:07,173,a0:18:28:33:34:f8,08:66:98:ed:1e:19
2017-12-26 15:55:07,173,a0:18:28:33:34:f8,08:66:98:ed:1e:19
2017-12-26 15:55:07,173,a0:18:28:33:34:f8,08:66:98:ed:1e:19
2017-12-26 15:55:07,173,a0:18:28:33:34:f8,08:66:98:ed:1e:19
2017-12-26 15:55:07,173,a0:18:28:33:34:f8,08:66:98:ed:1e:19
2017-12-26 15:55:07,173,a0:18:28:33:34:f8,08:66:98:ed:1e:19
2017-12-26 15:59:22,173,a0:18:28:33:34:f8,08:66:98:ed:1e:19
2017-12-26 15:59:22,173,a0:18:28:33:34:f8,08:66:98:ed:1e:19
2017-12-26 15:59:22,173,a0:18:28:33:34:f8,08:66:98:ed:1e:19
2017-12-26 15:59:22,173,a0:18:28:33:34:f8,08:66:98:ed:1e:19
2017-12-26 15:59:22,173,a0:18:28:33:34:f8,08:66:98:ed:1e:19
2017-12-26 15:59:22,173,a0:18:28:33:34:f8,08:66:98:ed:1e:19
2017-12-26 15:59:22,173,a0:18:28:33:34:f8,08:66:98:ed:1e:19
2017-12-26 15:59:22,173,a0:18:28:33:34:f8,08:66:98:ed:1e:19
2017-12-26 15:59:22,173,a0:18:28:33:34:f8,08:66:98:ed:1e:19
2017-12-26 15:59:23,173,a0:18:28:33:34:f8,08:66:98:ed:1e:19
2017-12-26 15:59:23,173,a0:18:28:33:34:f8,08:66:98:ed:1e:19
2017-12-26 15:59:23,173,a0:18:28:33:34:f8,08:66:98:ed:1e:19
2017-12-26 15:59:23,173,a0:18:28:33:34:f8,08:66:98:ed:1e:19
2017-12-26 15:59:23,173,a0:18:28:33:34:f8,08:66:98:ed:1e:19
2017-12-26 15:59:23,173,a0:18:28:33:34:f8,08:66:98:ed:1e:19
2017-12-26 15:59:23,173,a0:18:28:33:34:f8,08:66:98:ed:1e:19
2017-12-26 15:59:23,173,a0:18:28:33:34:f8,08:66:98:ed:1e:19
2017-12-26 15:59:23,173,a0:18:28:33:34:f8,08:66:98:ed:1e:19
2017-12-26 15:59:23,173,a0:18:28:33:34:f8,08:66:98:ed:1e:19
2017-12-26 15:59:23,173,a0:18:28:33:34:f8,08:66:98:ed:1e:19
2017-12-26 15:59:23,173,a0:18:28:33:34:f8,08:66:98:ed:1e:19
2017-12-26 15:59:23,173,a0:18:28:33:34:f8,08:66:98:ed:1e:19
2017-12-26 15:59:23,173,a0:18:28:33:34:f8,08:66:98:ed:1e:19
2017-12-26 15:59:23,173,a0:18:28:33:34:f8,08:66:98:ed:1e:19
2017-12-26 15:59:23,173,a0:18:28:33:34:f8,08:66:98:ed:1e:19
2017-12-26 15:59:23,173,a0:18:28:33:34:f8,08:66:98:ed:1e:19
2017-12-26 15:59:23,173,a0:18:28:33:34:f8,08:66:98:ed:1e:19
2017-12-26 15:59:23,173,a0:18:28:33:34:f8,08:66:98:ed:1e:19
2017-12-26 15:59:23,173,a0:18:28:33:34:f8,08:66:98:ed:1e:19
2017-12-26 15:59:23,173,a0:18:28:33:34:f8,08:66:98:ed:1e:19
2017-12-26 15:59:23,173,a0:18:28:33:34:f8,08:66:98:ed:1e:19
2017-12-26 15:59:23,173,a0:18:28:33:34:f8,08:66:98:ed:1e:19
2017-12-26 15:59:23,173,a0:18:28:33:34:f8,08:66:98:ed:1e:19
2017-12-26 15:59:23,173,a0:18:28:33:34:f8,08:66:98:ed:1e:19
2017-12-26 15:59:23,173,a0:18:28:33:34:f8,08:66:98:ed:1e:19
2017-12-26 15:59:23,173,a0:18:28:33:34:f8,08:66:98:ed:1e:19
2017-12-26 15:59:23,173,a0:18:28:33:34:f8,08:66:98:ed:1e:19
2017-12-26 15:59:23,173,a0:18:28:33:34:f8,08:66:98:ed:1e:19
2017-12-26 15:59:23,173,a0:18:28:33:34:f8,08:66:98:ed:1e:19
2017-12-26 16:03:14,173,a0:18:28:33:34:f8,08:66:98:ed:1e:19
2017-12-26 16:03:14,173,a0:18:28:33:34:f8,08:66:98:ed:1e:19
2017-12-26 16:03:14,173,a0:18:28:33:34:f8,08:66:98:ed:1e:19
2017-12-26 16:03:14,173,a0:18:28:33:34:f8,08:66:98:ed:1e:19
2017-12-26 16:03:14,173,a0:18:28:33:34:f8,08:66:98:ed:1e:19
2017-12-26 16:03:14,173,a0:18:28:33:34:f8,08:66:98:ed:1e:19
2017-12-26 16:03:14,173,a0:18:28:33:34:f8,08:66:98:ed:1e:19
2017-12-26 16:03:14,173,a0:18:28:33:34:f8,08:66:98:ed:1e:19
2017-12-26 16:03:14,173,a0:18:28:33:34:f8,08:66:98:ed:1e:19
2017-12-26 16:03:14,173,a0:18:28:33:34:f8,08:66:98:ed:1e:19
2017-12-26 16:03:14,173,a0:18:28:33:34:f8,08:66:98:ed:1e:19
2017-12-26 16:03:14,173,a0:18:28:33:34:f8,08:66:98:ed:1e:19
2017-12-26 16:03:14,173,a0:18:28:33:34:f8,08:66:98:ed:1e:19
2017-12-26 16:03:14,173,a0:18:28:33:34:f8,08:66:98:ed:1e:19
2017-12-26 16:03:14,173,a0:18:28:33:34:f8,08:66:98:ed:1e:19
2017-12-26 16:03:14,173,a0:18:28:33:34:f8,08:66:98:ed:1e:19
2017-12-26 16:03:14,173,a0:18:28:33:34:f8,08:66:98:ed:1e:19
2017-12-26 16:03:14,173,a0:18:28:33:34:f8,08:66:98:ed:1e:19
2017-12-26 16:03:14,173,a0:18:28:33:34:f8,08:66:98:ed:1e:19
2017-12-26 16:03:14,173,a0:18:28:33:34:f8,08:66:98:ed:1e:19
2017-12-26 16:03:14,173,a0:18:28:33:34:f8,08:66:98:ed:1e:19
2017-12-26 16:03:15,173,a0:18:28:33:34:f8,08:66:98:ed:1e:19
2017-12-26 16:03:15,173,a0:18:28:33:34:f8,08:66:98:ed:1e:19
2017-12-26 16:03:15,173,a0:18:28:33:34:f8,08:66:98:ed:1e:19
2017-12-26 16:03:15,173,a0:18:28:33:34:f8,08:66:98:ed:1e:19
2017-12-26 16:03:15,173,a0:18:28:33:34:f8,08:66:98:ed:1e:19
2017-12-26 16:03:15,173,a0:18:28:33:34:f8,08:66:98:ed:1e:19
2017-12-26 16:03:15,173,a0:18:28:33:34:f8,08:66:98:ed:1e:19
2017-12-26 16:03:15,173,a0:18:28:33:34:f8,08:66:98:ed:1e:19
2017-12-26 16:03:15,173,a0:18:28:33:34:f8,08:66:98:ed:1e:19
2017-12-26 16:03:15,173,a0:18:28:33:34:f8,08:66:98:ed:1e:19
2017-12-26 16:03:15,173,a0:18:28:33:34:f8,08:66:98:ed:1e:19
2017-12-26 16:03:15,173,a0:18:28:33:34:f8,08:66:98:ed:1e:19
2017-12-26 16:03:15,173,a0:18:28:33:34:f8,08:66:98:ed:1e:19
2017-12-26 16:03:15,173,a0:18:28:33:34:f8,08:66:98:ed:1e:19
2017-12-26 16:03:15,173,a0:18:28:33:34:f8,08:66:98:ed:1e:19
2017-12-26 16:03:15,173,a0:18:28:33:34:f8,08:66:98:ed:1e:19
2017-12-26 16:03:15,173,a0:18:28:33:34:f8,08:66:98:ed:1e:19
2017-12-26 16:03:15,173,a0:18:28:33:34:f8,08:66:98:ed:1e:19
2017-12-26 16:03:15,173,a0:18:28:33:34:f8,08:66:98:ed:1e:19
2017-12-26 16:03:15,173,a0:18:28:33:34:f8,08:66:98:ed:1e:19
2017-12-26 16:03:15,173,a0:18:28:33:34:f8,08:66:98:ed:1e:19
2017-12-26 16:03:15,173,a0:18:28:33:34:f8,08:66:98:ed:1e:19
2017-12-26 16:07:06,173,a0:18:28:33:34:f8,08:66:98:ed:1e:19
2017-12-26 16:07:06,173,a0:18:28:33:34:f8,08:66:98:ed:1e:19
2017-12-26 16:07:06,173,a0:18:28:33:34:f8,08:66:98:ed:1e:19
2017-12-26 16:07:06,173,a0:18:28:33:34:f8,08:66:98:ed:1e:19
2017-12-26 16:07:06,173,a0:18:28:33:34:f8,08:66:98:ed:1e:19
2017-12-26 16:07:06,173,a0:18:28:33:34:f8,08:66:98:ed:1e:19
2017-12-26 16:07:06,173,a0:18:28:33:34:f8,08:66:98:ed:1e:19
2017-12-26 16:07:06,173,a0:18:28:33:34:f8,08:66:98:ed:1e:19
2017-12-26 16:07:06,173,a0:18:28:33:34:f8,08:66:98:ed:1e:19
2017-12-26 16:07:06,173,a0:18:28:33:34:f8,08:66:98:ed:1e:19
2017-12-26 16:07:06,173,a0:18:28:33:34:f8,08:66:98:ed:1e:19
2017-12-26 16:07:06,173,a0:18:28:33:34:f8,08:66:98:ed:1e:19
2017-12-26 16:07:06,173,a0:18:28:33:34:f8,08:66:98:ed:1e:19
2017-12-26 16:07:06,173,a0:18:28:33:34:f8,08:66:98:ed:1e:19
2017-12-26 16:07:06,173,a0:18:28:33:34:f8,08:66:98:ed:1e:19
2017-12-26 16:07:06,173,a0:18:28:33:34:f8,08:66:98:ed:1e:19
2017-12-26 16:07:07,173,a0:18:28:33:34:f8,08:66:98:ed:1e:19
2017-12-26 16:07:07,173,a0:18:28:33:34:f8,08:66:98:ed:1e:19
2017-12-26 16:07:07,173,a0:18:28:33:34:f8,08:66:98:ed:1e:19
2017-12-26 16:07:07,173,a0:18:28:33:34:f8,08:66:98:ed:1e:19
2017-12-26 16:07:07,173,a0:18:28:33:34:f8,08:66:98:ed:1e:19
2017-12-26 16:07:07,173,a0:18:28:33:34:f8,08:66:98:ed:1e:19
2017-12-26 16:07:07,173,a0:18:28:33:34:f8,08:66:98:ed:1e:19
2017-12-26 16:07:07,173,a0:18:28:33:34:f8,08:66:98:ed:1e:19
2017-12-26 16:07:07,173,a0:18:28:33:34:f8,08:66:98:ed:1e:19
2017-12-26 16:11:29,173,a0:18:28:33:34:f8,08:66:98:ed:1e:19
2017-12-26 16:11:29,173,a0:18:28:33:34:f8,08:66:98:ed:1e:19
2017-12-26 16:11:29,173,a0:18:28:33:34:f8,08:66:98:ed:1e:19
2017-12-26 16:11:29,173,a0:18:28:33:34:f8,08:66:98:ed:1e:19
2017-12-26 16:11:29,173,a0:18:28:33:34:f8,08:66:98:ed:1e:19
2017-12-26 16:11:29,173,a0:18:28:33:34:f8,08:66:98:ed:1e:19
2017-12-26 16:11:29,173,a0:18:28:33:34:f8,08:66:98:ed:1e:19
2017-12-26 16:11:29,173,a0:18:28:33:34:f8,08:66:98:ed:1e:19
2017-12-26 16:11:29,173,a0:18:28:33:34:f8,08:66:98:ed:1e:19
2017-12-26 16:11:29,173,a0:18:28:33:34:f8,08:66:98:ed:1e:19
2017-12-26 16:11:29,173,a0:18:28:33:34:f8,08:66:98:ed:1e:19
2017-12-26 16:11:29,173,a0:18:28:33:34:f8,08:66:98:ed:1e:19
2017-12-26 16:11:29,173,a0:18:28:33:34:f8,08:66:98:ed:1e:19
2017-12-26 16:11:29,173,a0:18:28:33:34:f8,08:66:98:ed:1e:19
2017-12-26 16:11:29,173,a0:18:28:33:34:f8,08:66:98:ed:1e:19
2017-12-26 16:11:29,173,a0:18:28:33:34:f8,08:66:98:ed:1e:19
2017-12-26 16:11:29,173,a0:18:28:33:34:f8,08:66:98:ed:1e:19
2017-12-26 16:11:29,173,a0:18:28:33:34:f8,08:66:98:ed:1e:19
2017-12-26 16:11:29,173,a0:18:28:33:34:f8,08:66:98:ed:1e:19
2017-12-26 16:11:29,173,a0:18:28:33:34:f8,08:66:98:ed:1e:19
2017-12-26 16:11:29,173,a0:18:28:33:34:f8,08:66:98:ed:1e:19
2017-12-26 16:11:29,173,a0:18:28:33:34:f8,08:66:98:ed:1e:19
2017-12-26 16:11:29,173,a0:18:28:33:34:f8,08:66:98:ed:1e:19
2017-12-26 16:11:29,173,a0:18:28:33:34:f8,08:66:98:ed:1e:19
2017-12-26 16:11:29,173,a0:18:28:33:34:f8,08:66:98:ed:1e:19
2017-12-26 16:11:29,173,a0:18:28:33:34:f8,08:66:98:ed:1e:19
2017-12-26 16:11:29,173,a0:18:28:33:34:f8,08:66:98:ed:1e:19
2017-12-26 16:11:29,173,a0:18:28:33:34:f8,08:66:98:ed:1e:19
2017-12-26 16:11:29,173,a0:18:28:33:34:f8,08:66:98:ed:1e:19
2017-12-26 16:11:29,173,a0:18:28:33:34:f8,08:66:98:ed:1e:19
2017-12-26 16:11:29,173,a0:18:28:33:34:f8,08:66:98:ed:1e:19
2017-12-26 16:11:29,173,a0:18:28:33:34:f8,08:66:98:ed:1e:19
2017-12-26 16:11:29,173,a0:18:28:33:34:f8,08:66:98:ed:1e:19
2017-12-26 16:11:29,173,a0:18:28:33:34:f8,08:66:98:ed:1e:19
2017-12-26 16:11:29,173,a0:18:28:33:34:f8,08:66:98:ed:1e:19
2017-12-26 16:11:29,173,a0:18:28:33:34:f8,08:66:98:ed:1e:19
2017-12-26 16:11:29,173,a0:18:28:33:34:f8,08:66:98:ed:1e:19
2017-12-26 16:11:29,173,a0:18:28:33:34:f8,08:66:98:ed:1e:19
2017-12-26 16:11:30,173,a0:18:28:33:34:f8,08:66:98:ed:1e:19
2017-12-26 16:11:30,173,a0:18:28:33:34:f8,08:66:98:ed:1e:19
2017-12-26 16:11:30,173,a0:18:28:33:34:f8,08:66:98:ed:1e:19
2017-12-26 16:11:30,173,a0:18:28:33:34:f8,08:66:98:ed:1e:19
2017-12-26 16:11:30,173,a0:18:28:33:34:f8,08:66:98:ed:1e:19
2017-12-26 16:15:33,173,a0:18:28:33:34:f8,08:66:98:ed:1e:19
2017-12-26 16:15:33,173,a0:18:28:33:34:f8,08:66:98:ed:1e:19
2017-12-26 16:15:33,173,a0:18:28:33:34:f8,08:66:98:ed:1e:19
2017-12-26 16:15:33,173,a0:18:28:33:34:f8,08:66:98:ed:1e:19
2017-12-26 16:15:33,173,a0:18:28:33:34:f8,08:66:98:ed:1e:19
2017-12-26 16:15:33,173,a0:18:28:33:34:f8,08:66:98:ed:1e:19
2017-12-26 16:15:33,173,a0:18:28:33:34:f8,08:66:98:ed:1e:19
2017-12-26 16:15:33,173,a0:18:28:33:34:f8,08:66:98:ed:1e:19
2017-12-26 16:15:33,173,a0:18:28:33:34:f8,08:66:98:ed:1e:19
2017-12-26 16:15:34,173,a0:18:28:33:34:f8,08:66:98:ed:1e:19
2017-12-26 16:15:34,173,a0:18:28:33:34:f8,08:66:98:ed:1e:19
2017-12-26 16:15:34,173,a0:18:28:33:34:f8,08:66:98:ed:1e:19
2017-12-26 16:15:34,173,a0:18:28:33:34:f8,08:66:98:ed:1e:19
2017-12-26 16:15:34,173,a0:18:28:33:34:f8,08:66:98:ed:1e:19
2017-12-26 16:15:34,173,a0:18:28:33:34:f8,08:66:98:ed:1e:19
2017-12-26 16:15:34,173,a0:18:28:33:34:f8,08:66:98:ed:1e:19
2017-12-26 16:15:34,173,a0:18:28:33:34:f8,08:66:98:ed:1e:19
2017-12-26 16:15:34,173,a0:18:28:33:34:f8,08:66:98:ed:1e:19
2017-12-26 16:15:34,173,a0:18:28:33:34:f8,08:66:98:ed:1e:19
2017-12-26 16:15:34,173,a0:18:28:33:34:f8,08:66:98:ed:1e:19
2017-12-26 16:15:34,173,a0:18:28:33:34:f8,08:66:98:ed:1e:19
2017-12-26 16:15:34,173,a0:18:28:33:34:f8,08:66:98:ed:1e:19
2017-12-26 16:15:34,173,a0:18:28:33:34:f8,08:66:98:ed:1e:19
2017-12-26 16:15:34,173,a0:18:28:33:34:f8,08:66:98:ed:1e:19
2017-12-26 16:15:34,173,a0:18:28:33:34:f8,08:66:98:ed:1e:19
2017-12-26 16:15:34,173,a0:18:28:33:34:f8,08:66:98:ed:1e:19
2017-12-26 16:15:34,173,a0:18:28:33:34:f8,08:66:98:ed:1e:19
2017-12-26 16:15:34,173,a0:18:28:33:34:f8,08:66:98:ed:1e:19
2017-12-26 16:15:34,173,a0:18:28:33:34:f8,08:66:98:ed:1e:19
2017-12-26 16:15:34,173,a0:18:28:33:34:f8,08:66:98:ed:1e:19
2017-12-26 16:15:34,173,a0:18:28:33:34:f8,08:66:98:ed:1e:19
2017-12-26 16:15:34,173,a0:18:28:33:34:f8,08:66:98:ed:1e:19
2017-12-26 16:15:34,173,a0:18:28:33:34:f8,08:66:98:ed:1e:19
2017-12-26 16:15:34,173,a0:18:28:33:34:f8,08:66:98:ed:1e:19
2017-12-26 16:15:34,173,a0:18:28:33:34:f8,08:66:98:ed:1e:19
2017-12-26 16:15:34,173,a0:18:28:33:34:f8,08:66:98:ed:1e:19
2017-12-26 16:15:34,173,a0:18:28:33:34:f8,08:66:98:ed:1e:19
2017-12-26 16:15:34,173,a0:18:28:33:34:f8,08:66:98:ed:1e:19
2017-12-26 16:15:34,173,a0:18:28:33:34:f8,08:66:98:ed:1e:19
2017-12-26 16:15:34,173,a0:18:28:33:34:f8,08:66:98:ed:1e:19
2017-12-26 16:15:34,173,a0:18:28:33:34:f8,08:66:98:ed:1e:19
2017-12-26 16:15:34,173,a0:18:28:33:34:f8,08:66:98:ed:1e:19
2017-12-26 16:15:34,173,a0:18:28:33:34:f8,08:66:98:ed:1e:19
2017-12-26 16:15:34,173,a0:18:28:33:34:f8,08:66:98:ed:1e:19
2017-12-26 16:15:34,173,a0:18:28:33:34:f8,08:66:98:ed:1e:19
2017-12-26 16:15:34,173,a0:18:28:33:34:f8,08:66:98:ed:1e:19
2017-12-26 16:15:34,173,a0:18:28:33:34:f8,08:66:98:ed:1e:19
2017-12-26 16:15:34,173,a0:18:28:33:34:f8,08:66:98:ed:1e:19
2017-12-26 16:15:34,173,a0:18:28:33:34:f8,08:66:98:ed:1e:19
2017-12-26 16:15:34,173,a0:18:28:33:34:f8,08:66:98:ed:1e:19
2017-12-26 16:15:34,173,a0:18:28:33:34:f8,08:66:98:ed:1e:19
2017-12-26 16:19:51,173,a0:18:28:33:34:f8,08:66:98:ed:1e:19
2017-12-26 16:19:51,173,a0:18:28:33:34:f8,08:66:98:ed:1e:19
2017-12-26 16:19:51,173,a0:18:28:33:34:f8,08:66:98:ed:1e:19
2017-12-26 16:19:51,173,a0:18:28:33:34:f8,08:66:98:ed:1e:19
2017-12-26 16:19:51,173,a0:18:28:33:34:f8,08:66:98:ed:1e:19
2017-12-26 16:19:51,173,a0:18:28:33:34:f8,08:66:98:ed:1e:19
2017-12-26 16:19:51,173,a0:18:28:33:34:f8,08:66:98:ed:1e:19
2017-12-26 16:19:51,173,a0:18:28:33:34:f8,08:66:98:ed:1e:19
2017-12-26 16:19:52,173,a0:18:28:33:34:f8,08:66:98:ed:1e:19
2017-12-26 16:19:52,173,a0:18:28:33:34:f8,08:66:98:ed:1e:19
2017-12-26 16:19:52,173,a0:18:28:33:34:f8,08:66:98:ed:1e:19
2017-12-26 16:19:52,173,a0:18:28:33:34:f8,08:66:98:ed:1e:19
2017-12-26 16:19:52,173,a0:18:28:33:34:f8,08:66:98:ed:1e:19
2017-12-26 16:19:52,173,a0:18:28:33:34:f8,08:66:98:ed:1e:19
2017-12-26 16:19:52,173,a0:18:28:33:34:f8,08:66:98:ed:1e:19
2017-12-26 16:19:52,173,a0:18:28:33:34:f8,08:66:98:ed:1e:19
2017-12-26 16:19:52,173,a0:18:28:33:34:f8,08:66:98:ed:1e:19
2017-12-26 16:19:52,173,a0:18:28:33:34:f8,08:66:98:ed:1e:19
2017-12-26 16:19:52,173,a0:18:28:33:34:f8,08:66:98:ed:1e:19
2017-12-26 16:19:52,173,a0:18:28:33:34:f8,08:66:98:ed:1e:19
2017-12-26 16:19:52,173,a0:18:28:33:34:f8,08:66:98:ed:1e:19
2017-12-26 16:19:52,173,a0:18:28:33:34:f8,08:66:98:ed:1e:19
2017-12-26 16:19:52,173,a0:18:28:33:34:f8,08:66:98:ed:1e:19
2017-12-26 16:19:52,173,a0:18:28:33:34:f8,08:66:98:ed:1e:19
2017-12-26 16:19:52,173,a0:18:28:33:34:f8,08:66:98:ed:1e:19
2017-12-26 16:23:38,173,a0:18:28:33:34:f8,08:66:98:ed:1e:19
2017-12-26 16:23:38,173,a0:18:28:33:34:f8,08:66:98:ed:1e:19
2017-12-26 16:23:38,173,a0:18:28:33:34:f8,08:66:98:ed:1e:19
2017-12-26 16:23:38,173,a0:18:28:33:34:f8,08:66:98:ed:1e:19
2017-12-26 16:23:38,173,a0:18:28:33:34:f8,08:66:98:ed:1e:19
2017-12-26 16:23:38,173,a0:18:28:33:34:f8,08:66:98:ed:1e:19
2017-12-26 16:23:38,173,a0:18:28:33:34:f8,08:66:98:ed:1e:19
2017-12-26 16:23:38,173,a0:18:28:33:34:f8,08:66:98:ed:1e:19
2017-12-26 16:23:38,173,a0:18:28:33:34:f8,08:66:98:ed:1e:19
2017-12-26 16:23:38,173,a0:18:28:33:34:f8,08:66:98:ed:1e:19
2017-12-26 16:23:38,173,a0:18:28:33:34:f8,08:66:98:ed:1e:19
2017-12-26 16:23:38,173,a0:18:28:33:34:f8,08:66:98:ed:1e:19
2017-12-26 16:23:38,173,a0:18:28:33:34:f8,08:66:98:ed:1e:19
2017-12-26 16:23:38,173,a0:18:28:33:34:f8,08:66:98:ed:1e:19
2017-12-26 16:23:38,173,a0:18:28:33:34:f8,08:66:98:ed:1e:19
2017-12-26 16:23:39,173,a0:18:28:33:34:f8,08:66:98:ed:1e:19
2017-12-26 16:23:39,173,a0:18:28:33:34:f8,08:66:98:ed:1e:19
2017-12-26 16:23:39,173,a0:18:28:33:34:f8,08:66:98:ed:1e:19
2017-12-26 16:23:39,173,a0:18:28:33:34:f8,08:66:98:ed:1e:19
2017-12-26 16:23:39,173,a0:18:28:33:34:f8,08:66:98:ed:1e:19
2017-12-26 16:23:39,173,a0:18:28:33:34:f8,08:66:98:ed:1e:19
2017-12-26 16:23:39,173,a0:18:28:33:34:f8,08:66:98:ed:1e:19
2017-12-26 16:23:39,173,a0:18:28:33:34:f8,08:66:98:ed:1e:19
2017-12-26 16:23:39,173,a0:18:28:33:34:f8,08:66:98:ed:1e:19
2017-12-26 16:23:39,173,a0:18:28:33:34:f8,08:66:98:ed:1e:19
2017-12-26 16:23:39,173,a0:18:28:33:34:f8,08:66:98:ed:1e:19
2017-12-26 16:23:39,173,a0:18:28:33:34:f8,08:66:98:ed:1e:19
2017-12-26 16:23:39,173,a0:18:28:33:34:f8,08:66:98:ed:1e:19
2017-12-26 16:23:39,173,a0:18:28:33:34:f8,08:66:98:ed:1e:19
2017-12-26 16:23:39,173,a0:18:28:33:34:f8,08:66:98:ed:1e:19
2017-12-26 16:23:39,173,a0:18:28:33:34:f8,08:66:98:ed:1e:19
2017-12-26 16:23:39,173,a0:18:28:33:34:f8,08:66:98:ed:1e:19
2017-12-26 16:23:39,173,a0:18:28:33:34:f8,08:66:98:ed:1e:19
2017-12-26 16:23:39,173,a0:18:28:33:34:f8,08:66:98:ed:1e:19
2017-12-26 16:23:39,173,a0:18:28:33:34:f8,08:66:98:ed:1e:19
2017-12-26 16:23:39,173,a0:18:28:33:34:f8,08:66:98:ed:1e:19
2017-12-26 16:23:39,173,a0:18:28:33:34:f8,08:66:98:ed:1e:19
2017-12-26 16:23:39,173,a0:18:28:33:34:f8,08:66:98:ed:1e:19
2017-12-26 16:23:39,173,a0:18:28:33:34:f8,08:66:98:ed:1e:19
2017-12-26 16:27:58,173,a0:18:28:33:34:f8,08:66:98:ed:1e:19
2017-12-26 16:27:58,173,a0:18:28:33:34:f8,08:66:98:ed:1e:19
2017-12-26 16:27:58,173,a0:18:28:33:34:f8,08:66:98:ed:1e:19
2017-12-26 16:27:58,173,a0:18:28:33:34:f8,08:66:98:ed:1e:19
2017-12-26 16:27:58,173,a0:18:28:33:34:f8,08:66:98:ed:1e:19
2017-12-26 16:27:58,173,a0:18:28:33:34:f8,08:66:98:ed:1e:19
2017-12-26 16:27:58,173,a0:18:28:33:34:f8,08:66:98:ed:1e:19
2017-12-26 16:27:58,173,a0:18:28:33:34:f8,08:66:98:ed:1e:19
2017-12-26 16:27:58,173,a0:18:28:33:34:f8,08:66:98:ed:1e:19
2017-12-26 16:27:58,173,a0:18:28:33:34:f8,08:66:98:ed:1e:19
2017-12-26 16:27:58,173,a0:18:28:33:34:f8,08:66:98:ed:1e:19
2017-12-26 16:27:59,173,a0:18:28:33:34:f8,08:66:98:ed:1e:19
2017-12-26 16:27:59,173,a0:18:28:33:34:f8,08:66:98:ed:1e:19
2017-12-26 16:27:59,173,a0:18:28:33:34:f8,08:66:98:ed:1e:19
2017-12-26 16:27:59,173,a0:18:28:33:34:f8,08:66:98:ed:1e:19
2017-12-26 16:27:59,173,a0:18:28:33:34:f8,08:66:98:ed:1e:19
2017-12-26 16:27:59,173,a0:18:28:33:34:f8,08:66:98:ed:1e:19
2017-12-26 16:27:59,173,a0:18:28:33:34:f8,08:66:98:ed:1e:19
2017-12-26 16:27:59,173,a0:18:28:33:34:f8,08:66:98:ed:1e:19
2017-12-26 16:27:59,173,a0:18:28:33:34:f8,08:66:98:ed:1e:19
2017-12-26 16:28:00,173,a0:18:28:33:34:f8,08:66:98:ed:1e:19
2017-12-26 16:28:00,173,a0:18:28:33:34:f8,08:66:98:ed:1e:19
2017-12-26 16:28:00,173,a0:18:28:33:34:f8,08:66:98:ed:1e:19
2017-12-26 16:28:00,173,a0:18:28:33:34:f8,08:66:98:ed:1e:19
2017-12-26 16:28:00,173,a0:18:28:33:34:f8,08:66:98:ed:1e:19
2017-12-26 16:28:00,173,a0:18:28:33:34:f8,08:66:98:ed:1e:19
2017-12-26 16:28:00,173,a0:18:28:33:34:f8,08:66:98:ed:1e:19
2017-12-26 16:28:00,173,a0:18:28:33:34:f8,08:66:98:ed:1e:19
2017-12-26 16:28:00,173,a0:18:28:33:34:f8,08:66:98:ed:1e:19
2017-12-26 16:28:00,173,a0:18:28:33:34:f8,08:66:98:ed:1e:19
2017-12-26 16:32:04,173,a0:18:28:33:34:f8,08:66:98:ed:1e:19
2017-12-26 16:32:04,173,a0:18:28:33:34:f8,08:66:98:ed:1e:19
2017-12-26 16:32:05,173,a0:18:28:33:34:f8,08:66:98:ed:1e:19
2017-12-26 16:32:05,173,a0:18:28:33:34:f8,08:66:98:ed:1e:19
2017-12-26 16:32:05,173,a0:18:28:33:34:f8,08:66:98:ed:1e:19
2017-12-26 16:32:05,173,a0:18:28:33:34:f8,08:66:98:ed:1e:19
2017-12-26 16:32:05,173,a0:18:28:33:34:f8,08:66:98:ed:1e:19
2017-12-26 16:32:05,173,a0:18:28:33:34:f8,08:66:98:ed:1e:19
2017-12-26 16:32:05,173,a0:18:28:33:34:f8,08:66:98:ed:1e:19
2017-12-26 16:32:05,173,a0:18:28:33:34:f8,08:66:98:ed:1e:19
2017-12-26 16:32:05,173,a0:18:28:33:34:f8,08:66:98:ed:1e:19
2017-12-26 16:32:05,173,a0:18:28:33:34:f8,08:66:98:ed:1e:19
2017-12-26 16:32:05,173,a0:18:28:33:34:f8,08:66:98:ed:1e:19
2017-12-26 16:32:05,173,a0:18:28:33:34:f8,08:66:98:ed:1e:19
2017-12-26 16:32:05,173,a0:18:28:33:34:f8,08:66:98:ed:1e:19
2017-12-26 16:32:05,173,a0:18:28:33:34:f8,08:66:98:ed:1e:19
2017-12-26 16:32:05,173,a0:18:28:33:34:f8,08:66:98:ed:1e:19
2017-12-26 16:32:05,173,a0:18:28:33:34:f8,08:66:98:ed:1e:19
2017-12-26 16:32:05,173,a0:18:28:33:34:f8,08:66:98:ed:1e:19
2017-12-26 16:32:05,173,a0:18:28:33:34:f8,08:66:98:ed:1e:19
2017-12-26 16:32:05,173,a0:18:28:33:34:f8,08:66:98:ed:1e:19
2017-12-26 16:32:05,173,a0:18:28:33:34:f8,08:66:98:ed:1e:19
2017-12-26 16:32:05,173,a0:18:28:33:34:f8,08:66:98:ed:1e:19
2017-12-26 16:32:05,173,a0:18:28:33:34:f8,08:66:98:ed:1e:19
2017-12-26 16:32:05,173,a0:18:28:33:34:f8,08:66:98:ed:1e:19
2017-12-26 16:32:05,173,a0:18:28:33:34:f8,08:66:98:ed:1e:19
2017-12-26 16:32:05,173,a0:18:28:33:34:f8,08:66:98:ed:1e:19
2017-12-26 16:32:05,173,a0:18:28:33:34:f8,08:66:98:ed:1e:19
2017-12-26 16:32:05,173,a0:18:28:33:34:f8,08:66:98:ed:1e:19
2017-12-26 16:32:05,173,a0:18:28:33:34:f8,08:66:98:ed:1e:19
2017-12-26 16:32:06,173,a0:18:28:33:34:f8,08:66:98:ed:1e:19
2017-12-26 16:32:06,173,a0:18:28:33:34:f8,08:66:98:ed:1e:19
2017-12-26 16:32:06,173,a0:18:28:33:34:f8,08:66:98:ed:1e:19
2017-12-26 16:32:06,173,a0:18:28:33:34:f8,08:66:98:ed:1e:19
2017-12-26 16:32:06,173,a0:18:28:33:34:f8,08:66:98:ed:1e:19
2017-12-26 16:32:06,173,a0:18:28:33:34:f8,08:66:98:ed:1e:19
2017-12-26 16:32:06,173,a0:18:28:33:34:f8,08:66:98:ed:1e:19
2017-12-26 16:35:59,173,a0:18:28:33:34:f8,08:66:98:ed:1e:19
2017-12-26 16:35:59,173,a0:18:28:33:34:f8,08:66:98:ed:1e:19
2017-12-26 16:35:59,173,a0:18:28:33:34:f8,08:66:98:ed:1e:19
2017-12-26 16:35:59,173,a0:18:28:33:34:f8,08:66:98:ed:1e:19
2017-12-26 16:35:59,173,a0:18:28:33:34:f8,08:66:98:ed:1e:19
2017-12-26 16:35:59,173,a0:18:28:33:34:f8,08:66:98:ed:1e:19
2017-12-26 16:35:59,173,a0:18:28:33:34:f8,08:66:98:ed:1e:19
2017-12-26 16:35:59,173,a0:18:28:33:34:f8,08:66:98:ed:1e:19
2017-12-26 16:35:59,173,a0:18:28:33:34:f8,08:66:98:ed:1e:19
2017-12-26 16:36:00,173,a0:18:28:33:34:f8,08:66:98:ed:1e:19
2017-12-26 16:36:00,173,a0:18:28:33:34:f8,08:66:98:ed:1e:19
2017-12-26 16:36:00,173,a0:18:28:33:34:f8,08:66:98:ed:1e:19
2017-12-26 16:36:00,173,a0:18:28:33:34:f8,08:66:98:ed:1e:19
2017-12-26 16:36:00,173,a0:18:28:33:34:f8,08:66:98:ed:1e:19
2017-12-26 16:36:00,173,a0:18:28:33:34:f8,08:66:98:ed:1e:19
2017-12-26 16:36:00,173,a0:18:28:33:34:f8,08:66:98:ed:1e:19
2017-12-26 16:36:00,173,a0:18:28:33:34:f8,08:66:98:ed:1e:19
2017-12-26 16:36:00,173,a0:18:28:33:34:f8,08:66:98:ed:1e:19
2017-12-26 16:36:00,173,a0:18:28:33:34:f8,08:66:98:ed:1e:19
2017-12-26 16:36:00,173,a0:18:28:33:34:f8,08:66:98:ed:1e:19
2017-12-26 16:36:00,173,a0:18:28:33:34:f8,08:66:98:ed:1e:19
2017-12-26 16:36:00,173,a0:18:28:33:34:f8,08:66:98:ed:1e:19
2017-12-26 16:36:00,173,a0:18:28:33:34:f8,08:66:98:ed:1e:19
2017-12-26 16:36:00,173,a0:18:28:33:34:f8,08:66:98:ed:1e:19
2017-12-26 16:36:00,173,a0:18:28:33:34:f8,08:66:98:ed:1e:19
2017-12-26 16:36:00,173,a0:18:28:33:34:f8,08:66:98:ed:1e:19
2017-12-26 16:36:00,173,a0:18:28:33:34:f8,08:66:98:ed:1e:19
2017-12-26 16:36:00,173,a0:18:28:33:34:f8,08:66:98:ed:1e:19
2017-12-26 16:36:00,173,a0:18:28:33:34:f8,08:66:98:ed:1e:19
2017-12-26 16:36:00,173,a0:18:28:33:34:f8,08:66:98:ed:1e:19
2017-12-26 16:36:00,173,a0:18:28:33:34:f8,08:66:98:ed:1e:19
2017-12-26 16:36:00,173,a0:18:28:33:34:f8,08:66:98:ed:1e:19
2017-12-26 16:36:00,173,a0:18:28:33:34:f8,08:66:98:ed:1e:19
2017-12-26 16:36:00,173,a0:18:28:33:34:f8,08:66:98:ed:1e:19
2017-12-26 16:36:00,173,a0:18:28:33:34:f8,08:66:98:ed:1e:19
2017-12-26 16:36:00,173,a0:18:28:33:34:f8,08:66:98:ed:1e:19
2017-12-26 16:36:00,173,a0:18:28:33:34:f8,08:66:98:ed:1e:19
2017-12-26 16:36:00,173,a0:18:28:33:34:f8,08:66:98:ed:1e:19
2017-12-26 16:36:00,173,a0:18:28:33:34:f8,08:66:98:ed:1e:19
2017-12-26 16:36:00,173,a0:18:28:33:34:f8,08:66:98:ed:1e:19
2017-12-26 16:36:00,173,a0:18:28:33:34:f8,08:66:98:ed:1e:19
2017-12-26 16:36:00,173,a0:18:28:33:34:f8,08:66:98:ed:1e:19
2017-12-26 16:36:00,173,a0:18:28:33:34:f8,08:66:98:ed:1e:19
2017-12-26 16:36:01,173,a0:18:28:33:34:f8,08:66:98:ed:1e:19
2017-12-26 16:39:48,173,a0:18:28:33:34:f8,08:66:98:ed:1e:19
2017-12-26 16:39:48,173,a0:18:28:33:34:f8,08:66:98:ed:1e:19
2017-12-26 16:39:48,173,a0:18:28:33:34:f8,08:66:98:ed:1e:19
2017-12-26 16:39:48,173,a0:18:28:33:34:f8,08:66:98:ed:1e:19
2017-12-26 16:39:48,173,a0:18:28:33:34:f8,08:66:98:ed:1e:19
2017-12-26 16:39:48,173,a0:18:28:33:34:f8,08:66:98:ed:1e:19
2017-12-26 16:39:48,173,a0:18:28:33:34:f8,08:66:98:ed:1e:19
2017-12-26 16:39:48,173,a0:18:28:33:34:f8,08:66:98:ed:1e:19
2017-12-26 16:39:49,173,a0:18:28:33:34:f8,08:66:98:ed:1e:19
2017-12-26 16:39:49,173,a0:18:28:33:34:f8,08:66:98:ed:1e:19
2017-12-26 16:39:49,173,a0:18:28:33:34:f8,08:66:98:ed:1e:19
2017-12-26 16:39:49,173,a0:18:28:33:34:f8,08:66:98:ed:1e:19
2017-12-26 16:39:49,173,a0:18:28:33:34:f8,08:66:98:ed:1e:19
2017-12-26 16:39:49,173,a0:18:28:33:34:f8,08:66:98:ed:1e:19
2017-12-26 16:39:49,173,a0:18:28:33:34:f8,08:66:98:ed:1e:19
2017-12-26 16:39:49,173,a0:18:28:33:34:f8,08:66:98:ed:1e:19
2017-12-26 16:39:49,173,a0:18:28:33:34:f8,08:66:98:ed:1e:19
2017-12-26 16:39:49,173,a0:18:28:33:34:f8,08:66:98:ed:1e:19
2017-12-26 16:39:49,173,a0:18:28:33:34:f8,08:66:98:ed:1e:19
2017-12-26 16:39:49,173,a0:18:28:33:34:f8,08:66:98:ed:1e:19
2017-12-26 16:39:49,173,a0:18:28:33:34:f8,08:66:98:ed:1e:19
2017-12-26 16:39:49,173,a0:18:28:33:34:f8,08:66:98:ed:1e:19
2017-12-26 16:39:49,173,a0:18:28:33:34:f8,08:66:98:ed:1e:19
2017-12-26 16:39:49,173,a0:18:28:33:34:f8,08:66:98:ed:1e:19
2017-12-26 16:39:49,173,a0:18:28:33:34:f8,08:66:98:ed:1e:19
2017-12-26 16:39:49,173,a0:18:28:33:34:f8,08:66:98:ed:1e:19
2017-12-26 16:39:49,173,a0:18:28:33:34:f8,08:66:98:ed:1e:19
2017-12-26 16:43:47,173,a0:18:28:33:34:f8,08:66:98:ed:1e:19
2017-12-26 16:43:47,173,a0:18:28:33:34:f8,08:66:98:ed:1e:19
2017-12-26 16:43:47,173,a0:18:28:33:34:f8,08:66:98:ed:1e:19
2017-12-26 16:43:47,173,a0:18:28:33:34:f8,08:66:98:ed:1e:19
2017-12-26 16:43:47,173,a0:18:28:33:34:f8,08:66:98:ed:1e:19
2017-12-26 16:43:47,173,a0:18:28:33:34:f8,08:66:98:ed:1e:19
2017-12-26 16:43:47,173,a0:18:28:33:34:f8,08:66:98:ed:1e:19
2017-12-26 16:43:47,173,a0:18:28:33:34:f8,08:66:98:ed:1e:19
2017-12-26 16:43:47,173,a0:18:28:33:34:f8,08:66:98:ed:1e:19
2017-12-26 16:43:47,173,a0:18:28:33:34:f8,08:66:98:ed:1e:19
2017-12-26 16:43:47,173,a0:18:28:33:34:f8,08:66:98:ed:1e:19
2017-12-26 16:43:47,173,a0:18:28:33:34:f8,08:66:98:ed:1e:19
2017-12-26 16:43:48,173,a0:18:28:33:34:f8,08:66:98:ed:1e:19
2017-12-26 16:43:48,173,a0:18:28:33:34:f8,08:66:98:ed:1e:19
2017-12-26 16:43:48,173,a0:18:28:33:34:f8,08:66:98:ed:1e:19
2017-12-26 16:43:48,173,a0:18:28:33:34:f8,08:66:98:ed:1e:19
2017-12-26 16:43:48,173,a0:18:28:33:34:f8,08:66:98:ed:1e:19
2017-12-26 16:43:48,173,a0:18:28:33:34:f8,08:66:98:ed:1e:19
2017-12-26 16:43:48,173,a0:18:28:33:34:f8,08:66:98:ed:1e:19
2017-12-26 16:43:48,173,a0:18:28:33:34:f8,08:66:98:ed:1e:19
2017-12-26 16:43:48,173,a0:18:28:33:34:f8,08:66:98:ed:1e:19
2017-12-26 16:43:48,173,a0:18:28:33:34:f8,08:66:98:ed:1e:19
2017-12-26 16:43:48,173,a0:18:28:33:34:f8,08:66:98:ed:1e:19
2017-12-26 16:43:48,173,a0:18:28:33:34:f8,08:66:98:ed:1e:19
2017-12-26 16:43:48,173,a0:18:28:33:34:f8,08:66:98:ed:1e:19
2017-12-26 16:43:48,173,a0:18:28:33:34:f8,08:66:98:ed:1e:19
2017-12-26 16:43:48,173,a0:18:28:33:34:f8,08:66:98:ed:1e:19
2017-12-26 16:43:48,173,a0:18:28:33:34:f8,08:66:98:ed:1e:19
2017-12-26 16:43:48,173,a0:18:28:33:34:f8,08:66:98:ed:1e:19
2017-12-26 16:43:48,173,a0:18:28:33:34:f8,08:66:98:ed:1e:19
2017-12-26 16:43:48,173,a0:18:28:33:34:f8,08:66:98:ed:1e:19
2017-12-26 16:43:48,173,a0:18:28:33:34:f8,08:66:98:ed:1e:19
2017-12-26 16:43:48,173,a0:18:28:33:34:f8,08:66:98:ed:1e:19
2017-12-26 16:43:48,173,a0:18:28:33:34:f8,08:66:98:ed:1e:19
2017-12-26 16:43:48,173,a0:18:28:33:34:f8,08:66:98:ed:1e:19
2017-12-26 16:43:48,173,a0:18:28:33:34:f8,08:66:98:ed:1e:19
2017-12-26 16:43:48,173,a0:18:28:33:34:f8,08:66:98:ed:1e:19
2017-12-26 16:43:48,173,a0:18:28:33:34:f8,08:66:98:ed:1e:19
2017-12-26 16:43:48,173,a0:18:28:33:34:f8,08:66:98:ed:1e:19
2017-12-26 16:43:48,173,a0:18:28:33:34:f8,08:66:98:ed:1e:19
2017-12-26 16:43:48,173,a0:18:28:33:34:f8,08:66:98:ed:1e:19
2017-12-26 16:47:26,173,a0:18:28:33:34:f8,08:66:98:ed:1e:19
2017-12-26 16:47:26,173,a0:18:28:33:34:f8,08:66:98:ed:1e:19
2017-12-26 16:47:26,173,a0:18:28:33:34:f8,08:66:98:ed:1e:19
2017-12-26 16:47:26,173,a0:18:28:33:34:f8,08:66:98:ed:1e:19
2017-12-26 16:47:26,173,a0:18:28:33:34:f8,08:66:98:ed:1e:19
2017-12-26 16:47:26,173,a0:18:28:33:34:f8,08:66:98:ed:1e:19
2017-12-26 16:47:26,173,a0:18:28:33:34:f8,08:66:98:ed:1e:19
2017-12-26 16:47:26,173,a0:18:28:33:34:f8,08:66:98:ed:1e:19
2017-12-26 16:47:26,173,a0:18:28:33:34:f8,08:66:98:ed:1e:19
2017-12-26 16:47:26,173,a0:18:28:33:34:f8,08:66:98:ed:1e:19
2017-12-26 16:47:26,173,a0:18:28:33:34:f8,08:66:98:ed:1e:19
2017-12-26 16:47:26,173,a0:18:28:33:34:f8,08:66:98:ed:1e:19
2017-12-26 16:47:26,173,a0:18:28:33:34:f8,08:66:98:ed:1e:19
2017-12-26 16:47:26,173,a0:18:28:33:34:f8,08:66:98:ed:1e:19
2017-12-26 16:47:26,173,a0:18:28:33:34:f8,08:66:98:ed:1e:19
2017-12-26 16:47:26,173,a0:18:28:33:34:f8,08:66:98:ed:1e:19
2017-12-26 16:47:26,173,a0:18:28:33:34:f8,08:66:98:ed:1e:19
2017-12-26 16:47:26,173,a0:18:28:33:34:f8,08:66:98:ed:1e:19
2017-12-26 16:47:26,173,a0:18:28:33:34:f8,08:66:98:ed:1e:19
2017-12-26 16:47:26,173,a0:18:28:33:34:f8,08:66:98:ed:1e:19
2017-12-26 16:47:26,173,a0:18:28:33:34:f8,08:66:98:ed:1e:19
2017-12-26 16:47:26,173,a0:18:28:33:34:f8,08:66:98:ed:1e:19
2017-12-26 16:47:26,173,a0:18:28:33:34:f8,08:66:98:ed:1e:19
2017-12-26 16:47:27,173,a0:18:28:33:34:f8,08:66:98:ed:1e:19
2017-12-26 16:47:27,173,a0:18:28:33:34:f8,08:66:98:ed:1e:19
2017-12-26 16:47:27,173,a0:18:28:33:34:f8,08:66:98:ed:1e:19
2017-12-26 16:47:27,173,a0:18:28:33:34:f8,08:66:98:ed:1e:19
2017-12-26 16:47:27,173,a0:18:28:33:34:f8,08:66:98:ed:1e:19
2017-12-26 16:47:27,173,a0:18:28:33:34:f8,08:66:98:ed:1e:19
2017-12-26 16:47:27,173,a0:18:28:33:34:f8,08:66:98:ed:1e:19
2017-12-26 16:47:27,173,a0:18:28:33:34:f8,08:66:98:ed:1e:19
2017-12-26 16:47:27,173,a0:18:28:33:34:f8,08:66:98:ed:1e:19
2017-12-26 16:47:27,173,a0:18:28:33:34:f8,08:66:98:ed:1e:19
2017-12-26 16:47:27,173,a0:18:28:33:34:f8,08:66:98:ed:1e:19
2017-12-26 16:47:27,173,a0:18:28:33:34:f8,08:66:98:ed:1e:19
2017-12-26 16:47:27,173,a0:18:28:33:34:f8,08:66:98:ed:1e:19
2017-12-26 16:47:27,173,a0:18:28:33:34:f8,08:66:98:ed:1e:19
2017-12-26 16:47:27,173,a0:18:28:33:34:f8,08:66:98:ed:1e:19
2017-12-26 16:47:27,173,a0:18:28:33:34:f8,08:66:98:ed:1e:19
2017-12-26 16:47:27,173,a0:18:28:33:34:f8,08:66:98:ed:1e:19
2017-12-26 16:47:27,173,a0:18:28:33:34:f8,08:66:98:ed:1e:19
2017-12-26 16:51:26,173,a0:18:28:33:34:f8,08:66:98:ed:1e:19
2017-12-26 16:51:26,173,a0:18:28:33:34:f8,08:66:98:ed:1e:19
2017-12-26 16:51:26,173,a0:18:28:33:34:f8,08:66:98:ed:1e:19
2017-12-26 16:51:26,173,a0:18:28:33:34:f8,08:66:98:ed:1e:19
2017-12-26 16:51:26,173,a0:18:28:33:34:f8,08:66:98:ed:1e:19
2017-12-26 16:51:26,173,a0:18:28:33:34:f8,08:66:98:ed:1e:19
2017-12-26 16:51:26,173,a0:18:28:33:34:f8,08:66:98:ed:1e:19
2017-12-26 16:51:26,173,a0:18:28:33:34:f8,08:66:98:ed:1e:19
2017-12-26 16:51:26,173,a0:18:28:33:34:f8,08:66:98:ed:1e:19
2017-12-26 16:51:26,173,a0:18:28:33:34:f8,08:66:98:ed:1e:19
2017-12-26 16:51:26,173,a0:18:28:33:34:f8,08:66:98:ed:1e:19
2017-12-26 16:51:26,173,a0:18:28:33:34:f8,08:66:98:ed:1e:19
2017-12-26 16:51:26,173,a0:18:28:33:34:f8,08:66:98:ed:1e:19
2017-12-26 16:51:26,173,a0:18:28:33:34:f8,08:66:98:ed:1e:19
2017-12-26 16:51:26,173,a0:18:28:33:34:f8,08:66:98:ed:1e:19
2017-12-26 16:51:26,173,a0:18:28:33:34:f8,08:66:98:ed:1e:19
2017-12-26 16:51:27,173,a0:18:28:33:34:f8,08:66:98:ed:1e:19
2017-12-26 16:51:27,173,a0:18:28:33:34:f8,08:66:98:ed:1e:19
2017-12-26 16:51:27,173,a0:18:28:33:34:f8,08:66:98:ed:1e:19
2017-12-26 16:51:27,173,a0:18:28:33:34:f8,08:66:98:ed:1e:19
2017-12-26 16:51:27,173,a0:18:28:33:34:f8,08:66:98:ed:1e:19
2017-12-26 16:55:17,173,a0:18:28:33:34:f8,08:66:98:ed:1e:19
2017-12-26 16:55:17,173,a0:18:28:33:34:f8,08:66:98:ed:1e:19
2017-12-26 16:55:17,173,a0:18:28:33:34:f8,08:66:98:ed:1e:19
2017-12-26 16:55:17,173,a0:18:28:33:34:f8,08:66:98:ed:1e:19
2017-12-26 16:55:17,173,a0:18:28:33:34:f8,08:66:98:ed:1e:19
2017-12-26 16:55:17,173,a0:18:28:33:34:f8,08:66:98:ed:1e:19
2017-12-26 16:55:17,173,a0:18:28:33:34:f8,08:66:98:ed:1e:19
2017-12-26 16:55:17,173,a0:18:28:33:34:f8,08:66:98:ed:1e:19
2017-12-26 16:55:17,173,a0:18:28:33:34:f8,08:66:98:ed:1e:19
2017-12-26 16:55:17,173,a0:18:28:33:34:f8,08:66:98:ed:1e:19
2017-12-26 16:55:17,173,a0:18:28:33:34:f8,08:66:98:ed:1e:19
2017-12-26 16:55:17,173,a0:18:28:33:34:f8,08:66:98:ed:1e:19
2017-12-26 16:55:17,173,a0:18:28:33:34:f8,08:66:98:ed:1e:19
2017-12-26 16:55:17,173,a0:18:28:33:34:f8,08:66:98:ed:1e:19
2017-12-26 16:55:17,173,a0:18:28:33:34:f8,08:66:98:ed:1e:19
2017-12-26 16:55:17,173,a0:18:28:33:34:f8,08:66:98:ed:1e:19
2017-12-26 16:55:17,173,a0:18:28:33:34:f8,08:66:98:ed:1e:19
2017-12-26 16:55:17,173,a0:18:28:33:34:f8,08:66:98:ed:1e:19
2017-12-26 16:55:17,173,a0:18:28:33:34:f8,08:66:98:ed:1e:19
2017-12-26 16:55:17,173,a0:18:28:33:34:f8,08:66:98:ed:1e:19
2017-12-26 16:55:17,173,a0:18:28:33:34:f8,08:66:98:ed:1e:19
2017-12-26 16:55:17,173,a0:18:28:33:34:f8,08:66:98:ed:1e:19
2017-12-26 16:55:17,173,a0:18:28:33:34:f8,08:66:98:ed:1e:19
2017-12-26 16:55:17,173,a0:18:28:33:34:f8,08:66:98:ed:1e:19
2017-12-26 16:55:17,173,a0:18:28:33:34:f8,08:66:98:ed:1e:19
2017-12-26 16:55:17,173,a0:18:28:33:34:f8,08:66:98:ed:1e:19
2017-12-26 16:55:18,173,a0:18:28:33:34:f8,08:66:98:ed:1e:19
2017-12-26 16:55:18,173,a0:18:28:33:34:f8,08:66:98:ed:1e:19
2017-12-26 16:55:18,173,a0:18:28:33:34:f8,08:66:98:ed:1e:19
2017-12-26 16:55:18,173,a0:18:28:33:34:f8,08:66:98:ed:1e:19
2017-12-26 16:55:18,173,a0:18:28:33:34:f8,08:66:98:ed:1e:19
2017-12-26 16:55:19,173,a0:18:28:33:34:f8,08:66:98:ed:1e:19
2017-12-26 16:55:19,173,a0:18:28:33:34:f8,08:66:98:ed:1e:19
2017-12-26 16:55:19,173,a0:18:28:33:34:f8,08:66:98:ed:1e:19
2017-12-26 16:55:19,173,a0:18:28:33:34:f8,08:66:98:ed:1e:19
2017-12-26 16:55:19,173,a0:18:28:33:34:f8,08:66:98:ed:1e:19
